6.0,0.2999999999999996,-126.1,-8.0,-131.5,-4.6000000000000005,-111.3,7.3999999999999995,-15.5,-42.7,-23.5,-37.7,-5.8,-58.300000000000004,-145.2,-59.1,-17.0,7.1,-94.8,6.3,-7.1000000000000005,-82.6,0.3999999999999997,-19.2,-44.5,-137.4,1.2999999999999998,-39.1,-55.2,3.8,-225.9,-60.300000000000004,-187.8,-80.2,8.2,-139.7,-83.6,-95.1,-6.0,-82.4,-62.5,-4.6000000000000005,-19.3,-162.7,-68.1,-26.0,-71.0,-15.8,-9.0,-59.3,-13.4,-61.4,-3.3306690738754696e-16,-9.5,8.3,-24.1,-168.8,-0.9000000000000001,-149.0,-60.7,-20.9,-135.7,-8.3,-141.7,-147.3,-178.7,-106.1,-31.8,-1.3,-101.1,-107.0,-171.5,-57.3,-51.3,-19.3,-47.6,-56.4,-104.8,-61.3,2.6999999999999997,-9.5,-37.5,4.6,4.8,-26.6,-123.1,2.3,-89.5,-31.3,1.7999999999999998,-147.7,-3.0,-58.1,-197.5,-56.4,-13.5,-142.5,-3.6000000000000005,-38.3,-16.7,
-59.2,-95.6,-97.8,-88.1,-259.0,-36.9,1.4999999999999998,0.2999999999999997,-157.3,-14.8,-28.0,-55.6,-63.4,-154.7,-184.4,6.2,-12.8,4.2,-57.4,-3.1,-9.4,3.4,-112.8,-80.6,6.3999999999999995,-22.6,-82.0,-1.9000000000000001,5.199999999999999,-0.30000000000000027,-24.3,-114.1,-186.3,-11.3,-12.0,-62.0,-22.6,-29.7,-22.8,-30.2,-80.8,-52.1,-138.8,-99.5,-73.4,-56.3,-123.4,-2.1,9.0,-106.0,-9.1,-80.9,-143.3,-19.9,-13.6,-4.7,-24.6,-8.9,-24.900000000000002,-57.2,-182.4,-113.5,1.0999999999999999,-40.8,-115.5,-158.9,-221.6,-31.7,-133.6,-170.3,-11.0,-79.3,-99.1,-40.7,-272.7,-132.9,-114.4,-77.9,8.3,-16.1,-6.0,-185.5,-101.2,-10.200000000000001,-19.6,-45.8,-26.9,-7.0,-1.7000000000000004,-94.6,-165.1,-6.800000000000001,-1.0,-44.3,4.1,-50.800000000000004,-66.1,2.9,-57.7,-4.800000000000001,
-117.0,-3.3000000000000003,-51.2,-40.0,-133.3,-6.300000000000001,-134.4,2.5999999999999996,-22.1,-27.8,7.6,-117.4,-60.0,-6.5,5.8999999999999995,-52.6,-71.7,-193.9,-26.2,-10.7,-80.3,-114.4,-38.3,-203.0,-14.5,-44.6,-125.4,-61.3,-9.4,-7.1000000000000005,-44.7,-109.9,-108.7,-28.2,-93.5,-109.0,-53.2,-13.8,-93.3,-56.8,-24.3,-75.6,-189.1,-80.3,-88.2,-37.7,-183.5,-66.4,-72.5,-70.2,3.9,-43.0,-137.8,-196.9,-17.9,2.9,-236.5,-10.4,-110.9,-42.1,-12.9,-5.2,-107.1,-24.2,-45.8,-48.1,-124.6,-77.0,-117.6,-10.8,-7.1000000000000005,-88.5,-134.8,-70.5,-67.4,-7.8,-0.30000000000000016,-6.3,-15.200000000000001,4.8999999999999995,-127.4,-69.2,-72.6,-150.9,-137.9,-50.0,-14.3,-114.0,-99.6,-192.4,-11.5,-113.0,-108.3,-28.8,4.8999999999999995,-23.7,9.2,-61.5,-34.7,-104.4,
-233.1,-66.4,-18.7,-28.2,-2.1,-13.3,-15.8,-49.0,-45.7,-19.7,-31.900000000000002,-102.8,-62.4,-104.8,-12.4,-86.0,-84.8,-111.7,-153.5,-102.9,-44.6,-25.1,-123.3,-170.3,-11.6,-30.4,-148.2,-258.6,-91.8,-104.4,-72.3,6.9,-20.8,-88.1,2.4,-133.0,-19.0,-26.1,-164.6,-87.6,-28.6,6.1,-13.3,-97.2,-42.9,-64.8,-118.5,-88.1,-18.5,3.1999999999999997,-126.5,-90.5,-112.6,-87.0,4.3,-188.2,-6.4,-56.1,-21.2,-169.9,1.7999999999999998,-70.6,-88.4,-27.3,-12.700000000000001,2.8,-103.5,5.6,-94.9,-31.3,-209.1,-71.0,-170.3,-99.0,-36.4,-62.7,-133.0,-56.2,-83.0,3.8,-56.8,-104.7,-42.4,-114.4,-35.2,4.0,4.6,1.4,-17.9,-3.6,-30.6,-17.9,-104.9,-39.0,-63.9,-74.5,-195.5,-127.3,-4.3,-18.0,
-45.2,-89.9,3.4,7.2,-26.5,-102.9,-42.5,-44.6,-4.1000000000000005,-123.1,-155.2,-29.2,-165.7,1.7999999999999996,-9.0,-4.7,8.6,-125.0,-57.9,-13.9,-54.0,-181.3,-84.2,-43.4,-104.0,6.8999999999999995,-235.0,-13.3,-29.1,-44.9,-36.9,-60.0,-109.4,-56.3,-5.7,-89.5,-34.3,-79.7,-3.0000000000000004,-152.8,-20.0,-258.2,-35.7,-62.2,-85.4,-7.0,-267.5,-228.9,-145.9,-73.8,-192.8,-29.4,-43.7,-51.0,-83.3,-71.7,-5.0,-82.6,-51.8,-1.5000000000000004,-112.7,-16.7,-18.5,-38.6,-72.9,2.0999999999999996,-144.4,-35.1,-144.4,-187.4,-33.4,-40.0,-30.0,-18.2,-42.0,7.3,-31.7,-17.8,-154.4,-115.7,-23.0,-95.5,-4.2,-26.0,-8.8,-253.3,7.0,-30.3,-8.5,-56.1,-141.5,-118.5,-0.20000000000000023,-19.2,-98.6,-89.4,-39.7,-1.1000000000000005,-300.1,-62.4,
-66.8,-18.3,-207.4,-87.1,-128.8,-17.8,-10.9,-65.6,-6.1000000000000005,1.4999999999999996,-276.5,-184.9,-19.0,-172.2,-57.4,-88.1,-115.3,-12.0,-15.6,-4.8,2.1,1.3999999999999997,4.3,-32.2,-106.9,-23.1,-63.8,-26.1,-165.0,-69.8,-62.6,-27.6,-40.0,-52.8,4.4,-25.3,-116.3,7.2,-39.2,-66.5,-10.3,-91.4,8.3,8.8,-14.9,1.7999999999999996,-184.0,-101.0,-93.9,-48.6,-72.3,-185.5,1.2999999999999998,-207.6,-141.3,-91.1,-86.0,-50.6,-82.0,-8.9,-53.9,-31.3,0.5999999999999999,-74.0,-39.300000000000004,-16.2,-57.5,-174.5,-10.6,6.0,-28.7,-223.6,-86.0,-34.8,-52.800000000000004,-209.1,-198.1,7.2,4.6,-56.5,-7.6000000000000005,-85.1,6.2,-33.6,-167.6,-35.1,-157.0,-6.6000000000000005,5.1,-80.1,-201.5,-87.5,-113.6,-16.900000000000002,-188.2,-16.900000000000002,-191.6,-38.9,1.8999999999999997,8.2,
-37.4,-3.4000000000000004,3.8,-47.3,-125.4,-24.8,-28.2,-118.0,-17.6,-245.7,-1.4000000000000004,-71.2,3.8999999999999995,-192.0,-104.4,-152.2,-109.4,2.1,-0.5000000000000002,-38.6,-92.4,-84.0,-121.5,-37.2,-97.2,4.199999999999999,-70.6,-77.9,-65.9,6.1,-138.7,-55.9,5.8,3.9,-23.2,-105.9,5.8,-58.2,-32.8,6.3,-79.3,-77.1,-27.0,-77.0,-98.8,8.2,-187.8,-56.5,-42.6,-32.4,-84.0,-69.8,-1.9000000000000001,-56.4,-38.4,-168.9,-83.7,-117.4,7.3999999999999995,-17.1,-209.9,-45.4,-20.900000000000002,-29.1,-28.5,-6.6000000000000005,-206.7,-167.4,-1.3000000000000005,0.49999999999999967,-72.5,-20.900000000000002,-4.6000000000000005,4.9,-82.8,-96.1,1.5999999999999999,-43.9,-98.2,-20.3,-45.4,-21.9,-21.5,0.8999999999999997,-22.6,-27.7,-22.7,2.1,-38.3,-17.0,-75.8,-49.1,3.0999999999999996,-144.6,9.2,-53.1,-42.8,-148.6,-71.9,-49.9,
-36.2,-121.6,-80.6,-59.9,-110.7,-53.3,-105.1,-133.7,-58.3,2.6,0.8999999999999998,2.4,-7.7,-10.3,5.7,-11.8,-56.5,-82.6,-26.8,-52.5,-54.6,-42.0,-107.9,-58.4,-18.3,-109.3,-54.0,-44.4,-29.5,-152.4,-5.3,-60.2,-8.9,-233.9,-43.1,-13.8,-17.0,-108.9,-76.3,-27.900000000000002,-6.7,-15.4,-17.5,-10.5,-5.7,-5.4,7.3999999999999995,-23.8,-13.0,-91.9,-86.5,-120.8,-42.6,-209.5,-46.7,2.4999999999999996,-55.3,-138.7,-0.8000000000000005,-0.7000000000000004,-67.7,-23.5,-212.6,-133.9,-4.1000000000000005,-21.3,-80.2,-123.8,-7.3,-82.0,-162.3,-11.3,-189.3,7.7,8.0,-106.6,-160.0,-29.400000000000002,-95.5,-33.1,-41.4,-121.2,-121.1,-34.3,-99.1,-0.6000000000000001,-101.4,-3.0000000000000004,-27.7,-37.1,-23.7,-16.7,-17.900000000000002,-34.1,-60.8,-21.1,-27.7,-104.1,-0.10000000000000023,-19.2,
-18.9,-31.1,-86.7,-110.7,-26.1,-82.4,-112.9,-18.7,-25.3,-8.4,-192.6,-53.7,-89.8,-122.2,7.7,-36.5,-122.0,6.8999999999999995,-42.0,-21.0,-15.5,-45.6,-126.4,-53.2,-201.7,-82.0,-46.7,-137.2,-21.900000000000002,-111.2,-6.7,-24.4,-56.2,4.5,-174.2,-40.6,-7.2,-178.3,-86.7,-28.400000000000002,-102.0,-141.9,-190.3,5.3,-26.5,8.6,-62.2,-249.7,-257.1,-27.9,-10.3,3.5999999999999996,-48.9,-61.7,-228.9,-26.2,-57.0,-60.0,-210.3,-200.7,-55.7,-129.7,4.5,-203.4,-23.2,-201.9,-154.4,-128.0,-5.500000000000001,-9.9,-77.0,-38.7,-26.9,3.8,-92.2,4.9,-132.6,-147.8,-58.2,-46.7,-92.9,-1.9000000000000001,-25.8,-194.3,-199.0,-72.2,-211.0,-108.6,5.3,-132.6,-117.0,-12.1,-53.2,-12.2,-16.9,3.5999999999999996,-83.9,-105.7,-84.3,-65.3,
-20.4,-75.9,0.3999999999999997,-33.1,-90.9,-27.5,3.1999999999999997,2.8,-20.3,-64.7,-99.6,-65.3,7.6,-11.0,-21.8,-27.2,-13.4,-0.7000000000000004,6.9,-49.9,-10.4,-7.4,-85.0,-22.7,7.6,-24.9,-55.5,-77.6,-52.3,-10.1,-149.0,-115.5,-80.6,8.1,-36.9,7.1,8.7,-77.3,-145.2,-21.8,-41.6,-195.4,-8.4,-113.6,7.1,-13.3,-7.9,-33.4,-75.8,-154.3,-13.9,-265.8,-15.700000000000001,4.7,-61.7,-40.5,-13.4,-159.6,-109.8,-250.6,-91.5,-87.7,-26.400000000000002,-59.6,-40.0,-221.3,-5.4,-13.5,-29.4,-141.0,-19.6,-30.0,3.5,5.0,-29.6,-25.2,-105.5,7.2,5.3,-106.0,-27.2,-124.7,-53.1,-6.4,-17.5,-22.4,-163.8,-67.4,-57.800000000000004,-12.5,-22.6,2.5999999999999996,-28.5,-121.2,-52.1,-108.3,-20.9,-56.5,-55.6,-11.1,
-26.6,-12.3,-247.1,-44.8,-260.1,-141.7,-50.8,-114.6,-111.4,-6.7,6.1,-88.5,-11.8,-175.4,-72.3,-83.0,-11.0,-61.6,-130.4,-13.6,-54.9,-74.5,-54.5,-2.2,-18.900000000000002,-17.0,-2.5000000000000004,-14.8,-12.6,-43.800000000000004,-39.9,-439.0,-14.4,-116.7,-177.6,-81.6,-9.700000000000001,-186.7,-11.200000000000001,-106.3,-24.2,6.5,-21.0,2.1999999999999997,-3.6,-95.1,-190.1,7.8999999999999995,-70.5,-119.3,-16.9,-31.7,-117.0,-5.5,-6.4,-30.2,-1.1102230246251565e-16,-21.8,-30.4,-68.6,-68.7,-236.5,-53.5,-123.5,-75.9,-24.900000000000002,-187.8,-126.5,-192.0,-25.2,-74.6,0.0999999999999999,-55.1,-8.8,-288.3,-12.3,-0.5000000000000001,8.6,5.7,-38.800000000000004,-3.8000000000000003,-9.5,-7.2,-17.7,0.9999999999999998,-31.7,-38.5,6.8999999999999995,-232.0,-21.8,-45.2,-201.5,-95.3,-15.700000000000001,0.4999999999999999,-24.9,-98.6,-3.3000000000000003,-27.5,-125.0,
-211.4,-122.8,-60.8,-48.4,-10.1,-50.8,-6.3,-36.2,-44.8,-141.4,-144.8,-17.1,-80.1,-4.2,-23.3,6.4,-1.7000000000000002,-42.7,-94.9,-37.6,-70.6,-118.9,-91.8,-4.4,-13.4,-25.6,-62.6,-255.3,2.5,-125.4,-140.6,-40.9,-66.4,7.8,-97.6,-113.1,-68.4,-15.4,-25.3,-174.6,-81.8,4.2,-217.9,-32.5,-86.6,-126.9,-38.8,-129.0,-78.0,-15.5,-3.7,-80.6,-35.2,-130.0,-38.1,-99.6,-56.9,-9.8,-18.5,-121.0,-62.6,8.4,-5.7,-84.2,-25.8,-56.7,-201.5,-91.1,-21.2,-63.1,-45.6,-11.6,-115.2,-18.7,-48.2,4.7,-105.2,-192.4,-110.8,-18.4,-72.2,4.0,-36.1,-124.4,2.3,-83.3,-70.6,-72.5,-13.600000000000001,-29.1,-59.3,-157.7,-3.2000000000000006,-83.2,-54.8,-112.9,-146.3,-5.3,-133.4,-18.0,
-165.6,-119.6,-196.3,-54.2,-16.3,-105.6,-1.4000000000000004,-17.3,-15.9,-10.8,-7.8,-20.6,-0.20000000000000023,-12.8,-153.9,-93.4,-8.4,-137.8,-45.4,-3.3000000000000003,-35.3,-143.1,-67.3,-8.9,-23.5,-5.3,-80.1,-27.8,6.5,4.8999999999999995,-19.9,-157.9,-176.4,2.1999999999999997,-5.5,-82.3,-106.1,-191.6,-47.0,-24.7,-117.0,-20.6,-35.2,-88.6,-215.0,-3.2,-102.1,-23.7,-97.5,-91.1,-80.9,-67.7,-103.5,-113.2,-63.6,-6.9,-133.4,-55.2,-239.6,6.2,-152.7,-115.8,-113.2,-54.5,-92.3,-90.5,-122.4,-27.8,-117.1,-57.2,-219.0,0.5999999999999999,-39.3,-6.500000000000001,-9.6,-142.6,-0.5000000000000003,9.1,-119.3,-203.8,-74.0,-20.4,8.6,-64.1,-157.7,5.6,-43.0,-48.4,-94.9,-36.6,-88.5,-22.3,-45.3,-132.6,-181.1,-18.8,-7.9,-55.4,-26.5,-251.7,
-73.6,-33.3,-16.6,-115.6,-78.0,-93.8,-35.6,-31.6,-125.0,4.4,-192.4,-132.9,-26.0,-152.5,-164.2,-7.7,-18.4,-104.6,-8.8,-14.9,-44.9,-220.9,-1.5000000000000002,-14.5,-142.4,2.9,-106.8,-37.0,-3.4,-79.5,-19.2,4.8999999999999995,-80.5,-103.8,7.8,-122.7,-0.10000000000000034,-3.1,-98.7,-63.3,-0.8000000000000003,-21.8,-18.400000000000002,-117.1,-200.1,-18.8,-121.2,-115.1,-35.9,-19.5,-48.1,1.7,-70.8,8.2,-47.9,-6.3,-54.8,-7.2,-34.3,-318.8,0.2999999999999996,-9.700000000000001,3.0999999999999996,-145.4,0.0999999999999999,-52.8,-0.9000000000000001,-8.4,-0.7000000000000005,-26.3,-71.4,-105.4,-74.1,6.8999999999999995,-11.700000000000001,-100.5,-215.9,-131.5,-203.9,5.8,-189.7,-58.4,-1.5000000000000002,-31.9,-50.9,-1.7000000000000002,-87.3,-51.7,7.7,-14.1,-152.4,-3.3000000000000003,-18.7,-11.0,-139.9,-72.1,5.1,-49.8,1.1999999999999997,-42.5,
0.9999999999999996,-32.3,-17.1,-109.2,-87.4,-4.800000000000001,-33.0,-60.2,-61.4,-0.6000000000000001,-68.9,2.8,-72.4,-95.7,-90.7,-21.5,-68.5,-213.5,-27.1,-171.8,-86.8,1.2999999999999998,-156.6,-117.4,-148.0,-68.0,-15.5,-85.8,3.4,-54.2,4.9,4.8,-37.8,-3.3000000000000003,2.5999999999999996,-16.7,-137.0,-27.6,-100.5,-246.7,-234.7,-170.3,-11.200000000000001,4.1,-15.7,-8.8,-9.6,-22.8,-69.0,-109.4,-15.4,-2.8000000000000003,0.5999999999999999,-165.0,-47.6,-24.5,-105.5,4.6,-143.9,-36.9,-16.8,-94.1,-17.2,-24.7,0.9999999999999998,-1.3,-121.2,-65.1,-116.1,-54.0,-100.8,-10.5,-27.400000000000002,-23.9,-37.4,-38.5,-114.2,-36.3,-64.7,-28.1,-96.5,-15.1,-37.9,-80.9,-31.7,-19.5,-1.5000000000000002,-9.7,-84.3,7.3,-101.0,-22.4,-33.8,-91.2,-93.4,-129.2,-191.4,-130.8,-78.8,-5.5,
-70.9,-36.4,-119.8,-22.7,-55.7,-8.8,-81.3,-28.7,0.6999999999999998,-43.7,-81.9,9.0,-75.4,-28.8,-51.5,5.8999999999999995,6.5,-78.8,-90.0,-16.4,-26.3,4.6,-11.1,-13.5,-44.9,-16.4,-16.7,4.3,-19.6,-37.2,-102.3,-96.1,-154.7,-99.6,-100.8,-66.9,-94.3,-16.3,-4.2,-147.1,-47.8,-55.9,-97.2,-109.4,-8.3,-20.8,-1.9000000000000004,-21.6,-152.4,7.1,-28.3,-16.2,-22.4,-4.440892098500626e-16,-154.0,-97.5,3.5999999999999996,-87.7,-36.2,-180.1,-49.4,-99.5,-21.5,3.0999999999999996,-44.7,-31.1,-60.1,-80.1,-1.6,-134.8,-10.7,-44.7,-4.7,-12.9,8.7,-24.9,-99.2,-1.2000000000000002,-205.7,-0.7000000000000003,-87.1,-135.1,-12.0,-51.4,-54.3,-14.8,-33.8,-40.4,0.9999999999999998,-97.6,-215.6,6.6,-0.10000000000000012,8.6,-168.0,-143.3,-40.8,-168.0,-15.6,-11.4,
-42.7,-54.1,-182.5,-22.3,-50.9,-54.4,-159.1,-239.1,-44.4,-130.9,-25.6,-134.9,-104.8,-118.8,-22.0,-18.1,-95.9,-1.0000000000000002,-5.1,-182.3,-95.3,-193.3,-18.3,-9.600000000000001,-210.8,1.8999999999999997,-60.7,-10.4,-55.6,2.6999999999999997,-14.9,-45.2,-49.6,1.7999999999999998,-70.7,-51.1,-127.0,-102.5,-22.3,-85.8,-9.6,-51.8,-19.2,7.2,-22.7,1.8999999999999997,-91.9,-39.2,-148.2,-30.2,-101.8,-26.7,-101.9,-195.8,-26.8,-144.0,-26.8,-24.5,-82.9,-208.7,-107.5,8.6,-55.0,-79.6,-30.1,-164.2,-48.0,-32.8,3.6999999999999997,-6.6000000000000005,-16.2,-46.9,-108.9,-18.8,-22.8,3.5999999999999996,-37.5,-6.5,-6.4,-128.9,-0.40000000000000036,-3.4,-85.5,1.4999999999999998,-8.5,-103.1,-128.2,0.3999999999999998,-68.3,-121.2,-17.0,-18.8,-1.1102230246251565e-16,-25.2,7.0,-11.0,-172.1,-92.3,-171.8,-27.7,
3.9,-27.0,-70.2,-42.1,-90.5,-107.4,-74.5,-172.2,-171.8,2.5,-59.8,-99.2,-43.1,-50.5,-108.3,-118.1,-23.8,-129.2,-5.5,-4.5,-28.2,-116.0,-0.10000000000000012,-63.0,-121.2,-67.3,-162.8,-175.6,3.5999999999999996,-115.5,-24.8,-12.3,-195.4,-12.8,6.3999999999999995,-48.1,-68.7,-17.6,-5.300000000000001,-116.6,4.7,-2.1,-17.3,-39.1,-22.1,-36.8,-3.6000000000000005,-9.9,-7.1,-8.7,-32.7,-13.1,-84.9,-53.6,-67.9,-113.3,-20.7,-108.3,-89.9,-269.2,-14.9,-19.1,-33.2,-74.9,-214.8,3.5,-23.9,-16.8,-11.2,-132.7,0.7999999999999996,-53.2,-97.6,-11.5,-2.6,-18.6,-60.7,-21.8,-64.1,8.3,-29.5,4.2,-316.1,-26.8,-110.9,-51.0,-66.0,-231.4,-11.4,-3.3000000000000003,-78.2,-20.2,0.09999999999999978,-60.1,-106.9,-22.9,-91.8,-41.7,-100.5,-44.2,
2.8,-17.1,-134.5,-145.9,-166.1,-28.5,3.6999999999999997,-46.1,-36.2,5.5,-66.3,-5.5,-13.0,-201.6,-12.3,-129.5,-46.7,-236.9,4.1,-6.9,-90.0,-312.3,-104.9,-97.0,-120.4,-0.7000000000000005,-103.2,-146.8,-1.4000000000000004,-199.6,-179.9,-8.5,-55.3,-84.8,-35.1,-15.0,0.5999999999999999,-47.1,-88.1,6.8,7.3,-18.0,7.5,-10.9,-29.1,-75.9,-10.1,-7.300000000000001,-68.2,-18.7,-23.0,5.2,-2.4000000000000004,-26.8,-225.0,-133.4,-66.0,-17.6,-11.8,2.4,-36.4,1.7,-64.3,-40.9,-131.1,-6.4,-99.0,-60.8,-12.3,-74.1,-33.7,-80.5,-4.2,-44.8,-39.0,-11.1,-145.2,-35.5,-4.5,-138.2,-117.8,0.7999999999999998,-107.5,-68.1,-124.7,-104.1,-111.5,-64.9,-69.7,-21.9,-12.4,3.0,-60.2,-126.3,-172.2,-79.3,-115.1,-77.1,0.9999999999999998,-18.1,
-4.7,-89.7,-117.0,-176.2,-238.4,-11.8,-8.200000000000001,6.8,-77.1,-27.7,-27.1,1.2999999999999998,-2.8000000000000003,-7.1000000000000005,-32.3,-90.0,-35.3,-21.0,5.8,-9.1,-97.1,-96.5,-81.0,-157.7,-56.9,5.7,-3.9,-139.1,-92.4,-2.8000000000000003,-53.5,-19.9,-5.000000000000001,-41.8,-94.2,-1.0000000000000002,-179.8,-45.1,-48.0,1.0999999999999999,4.7,-129.4,-12.8,9.3,-174.0,-6.7,-58.1,-192.0,-57.4,-100.1,-61.8,-123.4,-1.7000000000000006,-101.9,-90.4,-13.700000000000001,-152.8,-66.0,-82.4,-68.4,-4.8,-101.9,6.1,3.8,-4.0,-0.40000000000000024,-197.3,-133.4,-128.3,-66.2,-165.0,-31.9,-205.7,-3.0,-11.5,-8.2,-104.6,-52.5,-11.8,-40.8,8.1,-105.6,-0.5,-22.0,-11.7,-59.1,-63.8,-3.6000000000000005,-48.9,-12.0,-75.5,-31.7,3.3,-188.2,-197.6,1.2999999999999998,-229.3,-31.6,-65.6,-110.0,
-69.4,-15.8,-65.2,-10.5,3.5,-31.2,-20.900000000000002,4.0,-8.700000000000001,-1.1,-40.9,-51.9,-112.2,-134.9,-130.1,-84.6,-10.9,-2.3000000000000003,-2.7,-185.5,-64.6,-50.5,-93.3,-51.3,-105.5,-75.8,-39.4,-181.3,-6.800000000000001,3.8,-141.4,-133.4,-43.6,3.5,0.7999999999999998,-6.1000000000000005,8.0,-143.2,2.5999999999999996,-25.400000000000002,-62.5,-4.3,-131.7,5.5,-15.5,-41.7,-17.8,-39.3,-114.5,-144.8,-253.6,-56.4,-187.0,-117.0,-33.5,-205.7,-21.5,-5.800000000000001,-88.9,-24.0,0.7999999999999999,-57.9,-4.9,-12.1,-38.0,-180.6,-103.3,3.4,-43.0,-33.9,-72.8,-76.6,-83.2,-12.0,-132.6,-49.4,-165.1,-224.7,-4.6000000000000005,-8.3,-17.8,-15.8,-14.0,-37.8,-94.1,-234.6,-107.5,-109.0,-60.9,-10.6,-25.7,-18.4,-45.1,-145.2,-158.8,-101.2,-88.3,-95.8,-27.3,-160.4,
-30.0,-47.1,-12.0,-6.0,-156.6,5.2,-55.2,-10.8,-55.7,2.9999999999999996,-189.7,-72.4,-169.9,-10.6,-68.3,-97.0,-39.4,-33.1,-94.2,-171.8,-7.4,-35.3,-14.4,8.1,-96.5,-21.4,-81.5,-126.9,8.7,-110.9,-145.4,-180.4,-5.6000000000000005,-27.4,-105.7,-46.3,1.2999999999999998,-41.0,-425.3,-107.5,-4.3,-35.5,-89.6,6.1,-15.2,-5.4,2.8,-19.4,-52.6,8.0,-120.0,-146.5,-18.7,-4.0,-180.2,-15.9,-119.3,-25.1,-188.2,-54.4,-55.9,-16.3,-25.2,-252.9,-20.900000000000002,-109.4,-11.5,-13.9,-33.5,-16.900000000000002,-37.1,-69.5,-15.0,-3.5000000000000004,-74.1,-167.6,-1.0,2.6999999999999997,-64.7,4.1,-38.9,-25.3,-11.6,-11.4,-84.0,2.5,-48.9,-16.5,-10.700000000000001,-32.5,-182.5,-117.1,-38.6,-8.0,-156.2,-8.3,-11.0,-138.5,-14.6,-136.8,
-262.0,-27.1,5.0,5.3,8.9,0.8999999999999996,-65.1,-147.1,-46.6,-7.5,-5.6,-57.2,-5.300000000000001,-50.1,-28.400000000000002,-33.4,-18.6,-162.9,-137.9,-13.700000000000001,-150.5,-133.3,-11.2,-155.8,-118.9,3.8,-114.0,-123.2,-25.4,-86.7,-61.8,-34.5,-67.9,-74.5,2.4,8.5,-25.0,-100.3,-88.1,-29.9,-116.5,-68.9,-106.5,5.8999999999999995,-2.3000000000000003,-39.4,5.8999999999999995,-19.5,3.9,-55.3,-205.0,-52.6,-171.8,-55.0,-10.9,-5.5,-37.5,-232.3,-196.6,-72.2,0.3999999999999999,-140.2,-5.7,-147.1,-114.7,9.0,-8.3,-12.5,-47.7,-208.4,-152.0,-144.0,-66.6,-146.0,-40.5,-82.0,-251.4,-45.0,-78.5,-212.4,-47.6,-185.5,-19.6,-6.7,-83.9,-99.1,-37.9,1.2999999999999998,-156.2,-5.0,-76.7,-21.1,-7.9,-39.7,-6.0,-57.8,-97.1,-5.3,-3.4,-15.1,
4.8,-108.6,-74.5,-194.9,2.6999999999999997,-22.8,-113.2,8.0,-121.2,-51.6,-140.6,-76.1,-23.5,-66.5,-4.8,-72.5,3.6999999999999997,-59.9,6.9,-35.8,-83.8,-131.5,6.7,8.8,4.7,-16.1,6.5,-158.2,-14.4,-25.7,-17.1,-158.9,-32.1,-24.9,-23.3,-43.5,0.6999999999999998,-26.5,-69.9,-21.2,-3.2,-53.0,-15.2,-6.800000000000001,-30.4,-35.1,-20.8,-168.4,-74.1,-86.8,-2.9000000000000004,-171.8,-10.700000000000001,-41.5,3.4,-98.2,-173.2,-110.5,-24.6,-120.8,-37.1,-31.1,-53.0,5.6,-25.5,-86.0,-55.1,-92.3,-115.0,-75.6,-31.2,-64.9,-19.3,-156.2,-42.7,-88.1,-31.1,-57.0,-4.6000000000000005,7.3999999999999995,-166.6,-97.6,-42.9,-71.0,-9.0,-151.8,-30.4,-44.3,8.8,-92.6,-59.8,-220.2,-16.0,-1.1,-24.6,-14.6,-126.9,-8.4,-106.1,6.6,
-11.5,-1.7000000000000002,0.7,-5.3,-115.1,-84.5,-11.9,-30.5,-0.10000000000000045,-107.5,-109.3,-90.3,-80.6,-238.4,-25.5,-14.1,-135.5,-180.7,-15.3,-173.7,-37.4,-114.0,-84.3,-121.5,-9.6,-17.0,-75.9,-76.3,-124.8,-94.1,-36.8,-136.4,-42.0,-8.100000000000001,-1.1,-188.3,-1.2000000000000002,-126.1,-31.3,-121.9,-219.9,-53.9,-6.1000000000000005,-0.10000000000000012,-38.2,-4.4,6.4,2.9999999999999996,6.0,-18.5,-27.8,4.6,3.8999999999999995,-6.2,-108.2,-17.5,-13.9,-137.2,-5.7,-23.1,-95.0,4.6,-119.7,-71.5,-187.8,-56.9,-1.8000000000000003,-47.4,-88.0,-154.1,-54.9,6.3999999999999995,-150.5,-220.9,-153.5,-156.2,-96.0,-91.9,-20.5,-20.2,-246.4,-14.5,-200.3,-72.6,-172.2,-95.7,-173.6,-159.2,-108.6,-20.1,-74.0,-75.9,0.8999999999999997,-27.0,-92.5,-85.0,-116.3,-96.2,8.5,-21.4,
-181.8,-80.6,-3.1,-88.4,-114.3,-60.8,-82.4,-3.3000000000000003,-141.7,-94.9,-110.7,-189.5,-143.3,-305.7,3.1999999999999997,-1.3,-16.9,-26.7,3.0999999999999996,-166.7,-27.2,-18.8,-31.2,-14.700000000000001,-169.9,5.7,-15.0,-91.9,-127.4,4.4,-68.4,-43.5,-104.6,8.5,-25.9,-19.7,0.09999999999999978,-34.8,-132.8,-104.5,0.1999999999999998,5.3,-122.7,-12.0,6.0,-69.8,-1.4000000000000004,-84.8,-41.0,-139.0,-144.8,-14.0,-14.2,-262.4,-176.4,-13.4,-175.1,-55.4,2.5,-78.3,-32.3,-43.7,-21.6,-20.0,-35.9,-154.3,-32.1,-13.5,-53.2,8.1,-124.2,0.4999999999999999,-70.4,-109.4,-59.7,-34.4,-212.5,-16.7,-81.9,-54.1,-65.9,-13.0,-132.0,-103.5,-71.6,-92.8,-45.7,-54.9,-171.8,-39.9,-45.8,-71.9,-74.4,-111.5,-49.3,-111.8,-34.1,-26.9,-160.6,-1.8000000000000003,
-34.9,8.4,-94.6,-157.3,-266.6,5.6,-12.4,-3.1,-70.0,3.6999999999999997,-144.4,-54.4,5.7,2.6,-131.1,-54.2,-117.4,-272.3,-42.8,-16.0,-29.6,8.7,-127.3,-10.8,-126.6,-48.8,7.8999999999999995,-58.5,-25.2,-64.6,-140.6,-21.2,-6.4,-143.3,-13.4,-74.0,5.5,-165.3,-100.6,0.7999999999999999,-60.2,-20.4,-85.5,-12.9,-13.6,-22.7,-127.3,1.9,-11.5,-112.7,-125.4,8.1,-1.7000000000000002,-67.3,-130.3,-26.2,-56.8,-52.2,4.4,-83.5,-17.3,-34.8,-226.0,-6.5,4.3,-217.9,-43.7,-67.3,-31.2,-73.8,-216.7,5.1,4.8,-121.2,-8.200000000000001,-58.5,-22.2,-45.0,-7.5,-92.8,-12.0,-70.2,3.5,0.7999999999999997,7.8999999999999995,-17.1,-213.9,-10.1,-15.0,-27.9,-114.2,8.7,-8.8,-40.8,-22.7,-29.6,-36.6,-101.6,-12.4,3.0,
-15.3,-254.4,-184.4,-93.8,-16.9,-3.8000000000000003,-18.4,-102.2,-5.5,-56.5,-115.5,-134.5,-69.9,-47.4,-108.8,-129.2,-164.6,2.6,-126.4,-123.1,5.2,-62.5,2.6999999999999997,-11.5,-64.7,-123.0,-4.9,0.09999999999999967,-136.4,4.5,-0.8000000000000002,-117.6,6.1,-143.9,-31.9,-2.9000000000000004,-7.1,-2.6,-3.1,-98.6,2.0,-195.8,-15.3,-9.700000000000001,-121.2,-81.6,-83.5,-69.3,-7.9,-13.0,-76.8,9.1,-97.6,-40.4,-57.7,-97.2,7.6,-20.1,-105.3,-12.4,-160.4,-118.8,-198.9,-152.8,-27.6,-20.3,-35.4,-232.3,6.4,-33.9,-111.4,0.3999999999999998,-75.9,-50.6,5.3,-38.6,-223.2,-134.9,-15.200000000000001,-6.5,-88.9,-96.0,-10.5,-33.8,-75.9,-188.6,-180.8,-70.3,-21.8,8.8,-50.3,1.3,-43.4,-6.6000000000000005,-41.4,3.0999999999999996,-144.0,-117.5,-0.40000000000000013,2.1999999999999997,
-16.8,-32.7,-86.0,-98.0,-227.8,-34.9,-103.4,-120.9,-4.9,-249.5,-63.9,-41.0,-105.7,-18.1,-43.6,-76.7,-160.0,-71.8,-98.6,2.0,-230.4,-28.5,-115.1,-11.3,-59.0,4.1,-166.1,8.3,-10.8,-114.7,2.6999999999999997,-30.8,-4.2,-64.1,-8.6,-8.200000000000001,-39.9,-13.0,-22.1,2.0999999999999996,-125.4,-9.1,-84.3,-113.3,-12.2,3.0999999999999996,3.5999999999999996,-18.4,-42.7,-1.8000000000000003,-97.6,-26.4,-29.2,-29.6,-229.3,0.9999999999999996,-14.3,8.1,-14.0,-48.8,-19.3,-19.9,-27.3,7.3999999999999995,-6.5,-3.0,-141.4,-223.2,-2.5000000000000004,-104.9,-61.6,-91.3,-33.2,-89.3,-15.5,7.5,-0.6000000000000003,-54.1,-33.7,-128.4,-17.4,-24.3,-119.3,-0.7000000000000003,-80.5,-9.0,4.199999999999999,-31.1,7.2,-101.4,0.1999999999999998,-125.4,-86.0,-109.2,-19.7,-95.3,-2.4000000000000004,-32.6,9.1,-52.1,
-74.7,-131.2,-52.6,-5.0,-30.900000000000002,-145.2,7.2,-146.4,-8.200000000000001,-7.9,5.3,-27.8,-11.5,-47.0,-42.300000000000004,-144.9,-41.8,-37.5,-10.6,-125.0,-6.8,-167.6,-32.4,-215.0,-59.4,-14.5,-41.7,4.8999999999999995,-1.3000000000000003,-18.7,-149.0,-9.0,-19.9,-28.9,-63.6,-80.0,4.4,-66.3,-113.8,-80.9,-41.5,-11.8,-119.3,-43.3,7.3,-1.2000000000000002,-94.2,-286.0,-45.8,-88.0,6.0,-70.2,6.6,4.3,-64.5,-2.5,-6.9,-104.2,-88.2,-2.9,0.1999999999999998,-9.9,1.4999999999999998,-15.9,-25.6,-5.6000000000000005,-227.8,-85.2,-51.6,-109.0,-225.5,-124.0,-213.3,-4.800000000000001,-12.200000000000001,-7.5,-21.6,-54.5,-191.3,-28.2,-194.6,-9.1,2.0999999999999996,-17.1,-83.7,1.9999999999999998,5.1,-158.3,-1.7000000000000002,-102.3,-74.6,-180.2,7.7,-9.9,-199.2,-95.5,1.5999999999999996,-65.5,-11.0,0.6999999999999995,
-18.8,-10.0,-22.4,-36.3,-5.7,-44.1,-55.8,-57.2,-54.7,-33.5,-82.7,6.8999999999999995,-160.4,-111.3,-62.3,-30.0,-32.4,-172.2,-50.7,-135.0,-47.6,2.6,-72.3,-19.900000000000002,-96.9,-155.5,-8.6,-84.9,-29.400000000000002,2.3999999999999995,-47.2,-55.5,-30.9,0.7999999999999998,-15.1,-7.0,-66.3,-63.6,-61.6,-25.1,-153.9,-99.7,-6.5,-50.9,-0.5000000000000003,-24.9,8.5,-14.3,-48.9,-29.3,-98.0,-123.6,-100.0,4.8999999999999995,-7.2,-174.9,-39.7,-122.7,-41.3,-94.0,-7.7,-59.3,-19.8,-10.7,-121.2,-172.2,-89.1,-73.6,-94.6,-41.9,-70.1,-53.9,-101.8,-81.3,-41.8,-6.8,-91.5,-183.2,-105.4,7.5,-11.6,-39.9,-44.0,-18.0,-130.3,-83.0,2.0999999999999996,-7.4,-5.2,-101.8,-8.9,6.0,-184.4,-117.9,-175.6,-215.2,-221.7,-3.7000000000000006,-46.1,-17.1,
-119.5,-100.1,-88.4,-4.8,-50.4,-107.5,6.0,-13.100000000000001,-87.5,-137.2,-80.1,-13.4,-101.4,-32.2,-15.5,-26.8,-48.7,6.1,6.3,-79.8,-74.1,-103.0,-40.4,-0.9000000000000001,-20.3,-3.4000000000000004,-65.3,-45.0,-42.2,-23.6,6.3,-13.0,-61.5,-180.9,-120.8,-197.7,-103.2,-7.7,-198.8,-54.3,-93.8,-3.8000000000000003,-0.20000000000000023,-144.8,-88.1,-51.2,5.8,-76.6,-8.4,-14.4,-5.2,-2.2000000000000006,-107.4,-90.7,-6.0,6.8999999999999995,-27.2,1.9999999999999998,4.8999999999999995,-19.6,-131.2,-10.3,-22.7,-180.3,-74.4,-5.2,-15.1,-27.2,-29.8,8.6,-131.5,-70.3,-2.8000000000000003,-165.7,-30.2,-32.7,-85.5,-156.2,-141.6,-3.3000000000000003,-163.1,-42.7,-239.9,4.2,3.5,-143.8,-32.4,-17.6,-26.6,-20.9,-68.3,7.8,-58.0,-51.4,-22.7,2.3,-13.0,-133.0,-74.4,-4.6000000000000005,
-9.1,-57.8,-19.5,-112.3,2.1,-0.9000000000000001,-61.2,-2.8,-93.3,-62.3,-13.5,-74.4,6.2,-113.0,-39.6,-99.3,-59.1,-213.3,-63.9,-2.0,-8.3,-15.4,-63.4,-50.4,2.3,-58.9,-12.3,-4.0,-170.3,-130.3,-21.0,-6.800000000000001,-13.9,-111.0,-107.5,-42.8,-33.6,-87.8,-55.2,-98.4,-125.0,-100.8,-16.1,-67.6,-136.1,7.7,-128.5,-12.1,4.3,-6.9,-14.3,-97.9,-61.1,4.5,-56.4,-9.9,-51.800000000000004,4.6,-51.2,-2.9000000000000004,-44.8,-50.300000000000004,-38.0,0.5999999999999999,-24.400000000000002,-32.2,4.5,-141.9,6.5,-13.2,-127.9,-128.8,-65.9,-54.0,7.6,-87.2,-12.5,-28.8,-113.5,9.0,-31.5,-37.0,-33.3,-98.0,-13.0,8.7,-7.4,0.4999999999999999,-10.6,-8.9,-33.9,-5.1000000000000005,0.3999999999999999,-191.9,-51.6,-109.8,6.0,-18.1,-70.6,-13.700000000000001,
-70.6,-58.6,-128.8,-141.3,-101.8,-58.8,-12.9,-141.1,-180.1,-102.6,-37.8,-38.4,-7.0,-130.7,-12.0,-225.7,-50.0,-32.2,-91.9,-30.6,7.8999999999999995,-36.4,8.5,-105.6,-46.0,7.8999999999999995,-111.7,-25.8,-188.9,-34.3,-154.4,-155.5,-23.9,5.8,3.4,-74.4,-30.7,-267.0,-15.7,-125.2,-7.300000000000001,-68.5,-1.9000000000000004,-19.7,-51.4,-69.5,-88.7,-131.1,-17.0,-29.5,-22.2,-46.7,-100.3,-47.5,-13.0,7.8999999999999995,-62.0,-16.3,-62.2,-6.9,-44.0,-47.2,1.9999999999999998,-45.2,7.6,-111.3,-63.1,-215.2,-113.1,-47.9,-27.4,-119.0,-1.8000000000000003,-74.6,6.8,-96.7,-33.5,6.1,-165.7,-34.0,-22.9,-0.8000000000000003,-131.1,-235.2,-24.3,-17.1,6.6,-14.1,-2.9,-85.2,-33.6,-133.1,-10.0,-123.1,-32.4,-78.6,5.8,-65.2,-2.4000000000000004,-47.0,
-44.1,-59.3,-130.2,-17.6,-73.9,-82.4,-27.6,-92.7,-2.1000000000000005,-23.3,-23.0,-125.0,-59.6,-45.8,-88.4,-5.0,-92.8,-10.8,-108.2,-26.8,-226.6,-38.800000000000004,-107.9,-1.8000000000000003,-55.4,-106.4,-58.5,-25.3,-183.6,-5.300000000000001,-49.2,-119.8,-22.7,-101.7,-2.3000000000000003,8.4,-65.8,-121.1,-8.600000000000001,-17.8,-78.8,-75.4,-131.1,3.3,-13.6,0.09999999999999967,-91.3,-9.0,-82.0,-15.6,-52.3,-67.9,-98.8,-77.1,-13.3,2.0999999999999996,-70.5,-2.6,-117.4,-139.5,4.6,-152.0,-35.4,-135.3,-172.6,-133.9,-18.8,-0.3000000000000005,-55.0,3.5,-1.9000000000000001,8.0,-27.9,-66.9,-136.8,-4.2,-21.4,-185.1,-84.1,-106.1,-3.4,-45.5,-31.3,3.3,-27.9,-72.7,3.5999999999999996,-134.3,-60.5,2.0999999999999996,4.7,2.6999999999999997,-79.8,-11.200000000000001,-135.5,-90.9,-71.4,-201.9,-154.3,4.8,
-63.0,-54.8,-138.3,-53.6,-25.900000000000002,7.5,-114.9,-78.6,-27.6,-99.5,-8.1,-142.8,-216.6,-105.4,8.1,-47.8,-98.1,-17.2,2.9,-15.4,-87.5,-79.2,7.3999999999999995,-13.5,-32.3,-127.3,-62.2,-54.5,9.0,-15.700000000000001,-46.9,-7.0,-186.6,-176.8,-121.0,-51.2,-70.8,-13.9,-3.3000000000000003,-36.9,-9.9,-24.5,-1.2000000000000002,-151.2,-17.400000000000002,-75.7,-125.4,-90.1,-162.7,-24.6,-204.6,-59.6,-166.5,-72.6,-16.4,-47.800000000000004,-30.4,-71.3,-75.8,-37.5,-54.0,-42.1,-281.8,-45.6,-13.700000000000001,7.2,-11.5,-58.6,-56.3,-86.6,-67.2,-7.7,-22.3,6.0,-0.7000000000000003,-1.9000000000000004,-34.6,5.7,-10.200000000000001,-35.6,-23.4,-155.1,-19.0,5.5,-41.3,-11.6,-37.5,-82.0,-32.0,-59.0,-21.7,-22.400000000000002,-1.9000000000000001,3.9,-7.8,-57.8,-16.6,-109.0,-79.7,-56.6,
-5.4,-45.0,4.2,-72.2,-59.0,-18.8,-9.2,0.8999999999999998,-166.1,-138.2,-3.3306690738754696e-16,2.9999999999999996,-114.7,-97.4,-66.1,-75.2,7.3,6.1,-52.4,-180.8,-153.2,-35.9,-37.4,-44.3,-2.220446049250313e-16,-52.1,-54.2,-52.5,-192.7,6.3,-36.4,-5.6000000000000005,-30.5,-21.6,-63.2,-135.2,-16.4,-27.0,-41.7,-56.1,-78.8,-159.5,-79.9,-155.1,-63.9,-78.8,-12.3,-57.5,-125.8,8.3,-51.6,-36.4,4.699999999999999,-111.8,-16.2,-27.5,-190.1,-75.5,-64.8,-33.8,-53.0,6.4,-3.9,-5.300000000000001,-21.1,-155.2,-34.0,-98.8,-103.0,-118.2,-154.7,-54.6,-27.8,-35.1,-172.2,-48.4,-35.4,-104.0,-11.2,-54.3,-149.0,-71.9,-30.3,-73.2,8.5,-141.2,-85.4,-202.3,-15.8,-48.0,-3.0,-82.7,-68.5,-37.1,-133.0,-31.3,-33.5,-150.1,-258.9,3.3,
-108.3,-62.7,-27.6,-10.1,-25.5,-107.1,-185.3,-81.8,4.1,-34.3,8.6,-32.4,-38.2,8.3,-12.2,-35.8,-55.4,-44.3,-19.1,-6.7,-204.7,8.4,3.8,-224.7,-136.8,-60.0,-174.1,-36.7,-31.5,-9.700000000000001,-13.3,-33.2,-106.0,-58.4,-87.2,-82.8,-52.6,-30.0,-54.9,-200.4,-49.2,-1.0000000000000002,3.3,6.8,-122.7,-172.6,-22.5,-42.1,-32.8,-15.9,3.0999999999999996,-11.3,-83.7,-42.2,-341.6,3.5,-37.5,-110.5,-27.2,-9.7,-111.2,-54.3,-26.9,-58.4,-18.5,-49.2,8.2,-138.7,-136.3,-5.6,-27.5,-20.6,4.5,-43.9,-42.7,-80.1,-42.8,-3.8000000000000003,-57.6,-44.1,-5.5,-62.6,-6.0,-56.4,8.4,-42.8,-54.0,-2.5,-36.5,-9.9,-49.6,-115.4,-164.3,-30.6,-9.200000000000001,8.5,-50.4,-27.7,8.4,3.1999999999999997,
2.6999999999999997,-22.8,-3.6,-96.0,-97.2,-38.5,-51.4,2.0999999999999996,-2.0000000000000004,-64.5,-190.7,-185.3,-0.5000000000000003,-189.7,-16.5,-76.1,-20.2,5.8999999999999995,8.9,-54.8,-196.5,-112.7,-12.2,-37.2,-11.5,-179.8,-132.6,-208.7,2.4,-86.1,-32.4,-72.1,-53.8,-56.9,-32.7,-101.1,-62.800000000000004,8.6,-63.3,-12.3,-11.0,-113.4,-99.9,-38.2,7.7,-57.6,-107.9,-27.3,-40.2,5.7,-103.7,4.8,-47.1,-87.7,-17.6,-19.6,-24.3,-72.5,-7.0,-21.4,0.09999999999999978,-112.7,-78.4,-28.7,-24.1,-51.4,-17.8,2.3,-63.6,-56.3,-59.3,-46.4,8.2,-30.8,-17.7,-57.5,-210.9,-18.2,-15.3,-138.7,-21.8,-94.4,-8.9,-156.3,-17.1,1.2999999999999998,-64.7,-9.0,-126.3,-17.6,-28.0,-12.0,-243.8,7.0,-54.6,-18.7,-102.2,-105.7,-83.9,7.0,
-181.9,-7.1000000000000005,-23.4,-143.7,-123.9,-59.2,-12.0,-35.0,6.3,-11.0,1.1999999999999997,-88.5,-105.1,-145.2,-8.2,-41.4,2.3,-38.1,-75.6,-27.400000000000002,-184.0,-29.6,-26.8,-8.2,-3.2,2.5999999999999996,-76.9,5.2,-137.7,-9.6,-74.6,-7.5,-130.8,-73.5,-17.6,-105.4,-45.2,-180.2,3.3,-8.4,-8.8,-129.5,-283.7,-85.9,-75.9,-12.0,-2.9,-78.6,-25.3,-135.6,-101.1,2.9,-190.8,-96.5,-33.8,-21.3,-48.4,0.8999999999999998,-101.9,-33.3,-153.9,-29.1,-6.1000000000000005,-115.9,-97.7,-24.8,5.2,-77.8,2.5999999999999996,7.0,-180.6,-25.5,-8.700000000000001,-3.8000000000000003,-35.0,-6.4,-168.4,-21.4,-111.5,-2.6,-7.8,-20.3,-18.9,-23.2,-78.8,-120.3,-9.4,-171.8,-25.9,-110.6,-142.8,-32.1,6.0,-85.1,-40.0,-75.9,4.0,-93.0,-5.8,-142.5,
4.1,-35.6,-123.2,-193.5,8.2,-128.5,-84.3,-31.3,-7.5,-141.2,4.1,-32.1,-85.9,-115.5,-12.0,-11.200000000000001,-10.6,-8.8,-48.9,2.4,-50.9,4.7,-10.700000000000001,-59.2,-2.7,-162.3,-38.3,-5.7,-30.9,-98.5,5.3,-33.1,-141.0,-33.6,-68.6,3.0999999999999996,-173.5,-5.1,-77.4,-36.5,-137.6,-88.4,-12.3,-47.6,-70.6,-42.9,-3.0000000000000004,-203.0,-26.5,-90.0,-95.4,-134.5,-28.900000000000002,5.5,2.4,-161.5,-108.8,-116.9,-94.1,-68.2,-130.7,0.7,-203.0,-11.3,6.8,-103.7,-17.2,-47.6,-142.5,-103.8,-82.4,-93.8,-13.700000000000001,-34.9,-51.1,-166.3,4.6,-24.5,-131.1,-225.9,-97.6,-72.1,-88.1,-87.6,2.9,-8.7,-40.2,-58.9,-18.5,-30.5,-42.5,-20.0,-85.1,-86.1,-27.6,-70.2,-160.0,-71.7,-8.200000000000001,0.2999999999999998,
-40.5,-25.3,-29.8,-197.7,-17.0,-37.3,-117.0,-33.9,-137.4,-74.0,-228.2,-7.6000000000000005,-65.1,-9.1,6.1,-3.6,-64.1,-76.1,-45.5,3.0999999999999996,-43.9,0.4999999999999998,-36.6,-22.9,-152.8,-8.5,-94.3,-60.2,-118.5,-9.9,-24.6,-16.1,-280.3,-120.2,-1.5000000000000002,-8.0,-38.6,-35.3,-2.0000000000000004,-227.4,-68.2,-54.7,-104.1,-99.9,-10.6,-5.2,-107.2,-14.6,-77.2,-44.1,-92.9,5.3999999999999995,-185.9,-104.3,-48.7,-13.8,-285.2,-174.1,-74.1,-134.5,-8.5,3.9,-27.5,5.3999999999999995,-4.0,-109.5,-10.3,-150.1,-16.4,3.4,-24.6,-126.9,-33.7,-4.5,-243.7,-30.2,-28.8,-20.9,-47.6,-28.6,7.1,-71.9,-43.2,0.7999999999999998,-92.3,6.5,-40.4,-87.7,-21.1,-65.0,-39.6,-43.0,-102.8,-160.4,-43.3,-56.4,-22.4,-69.5,-86.2,-55.4,
-54.4,4.1,-59.2,4.3999999999999995,-11.6,-129.2,-5.8,-64.5,-213.7,-39.1,-95.7,4.0,-36.3,-65.4,-22.2,-39.5,-175.6,-21.2,-125.1,-34.6,-29.3,-136.1,5.8999999999999995,-9.200000000000001,6.1,-20.0,-4.6000000000000005,-27.7,7.5,-56.1,-9.8,-49.8,-33.6,2.6999999999999997,7.5,-238.4,1.7999999999999998,-10.5,-99.9,-28.4,-176.4,-28.8,9.0,-44.0,-79.8,-36.800000000000004,-44.8,-10.8,-78.9,-20.5,2.1,-40.0,5.3,-34.5,-4.1000000000000005,-25.7,-9.8,-64.2,-53.0,-16.6,-8.7,-10.4,-223.2,-132.6,-61.2,-47.4,-27.6,2.9,-114.7,6.5,-46.8,6.1,-179.8,-54.7,8.5,-0.6000000000000001,-18.8,-152.4,-58.2,-39.7,-25.0,-165.3,-88.7,-69.6,-74.0,-201.1,-56.0,-4.0,-119.8,-118.9,2.6999999999999997,-27.0,-8.700000000000001,-13.0,-147.8,1.4,-121.2,-36.1,-16.900000000000002,-150.5,
-74.1,-25.6,-69.7,-26.5,-1.5000000000000007,-19.0,8.4,-169.2,-22.4,-8.8,6.6,0.6999999999999998,-54.6,7.7,4.5,-77.6,-22.1,-63.1,-99.7,-82.4,2.8,-13.700000000000001,-27.3,-17.400000000000002,-20.1,-3.1,-13.0,6.0,-41.6,-18.6,-47.2,-34.8,-144.8,-193.5,-46.0,-97.1,-5.800000000000001,-1.3000000000000003,-42.5,-19.6,-98.0,1.0999999999999999,-6.4,-7.4,-96.9,-181.8,6.3,-139.8,-39.1,-65.1,-87.2,-74.5,-43.1,7.8999999999999995,-90.0,-15.9,-2.8000000000000003,-3.0,-92.5,-32.5,-0.7000000000000003,4.8999999999999995,1.2999999999999998,-84.4,-33.6,-83.4,-61.8,-14.3,-34.6,-61.0,-99.9,-29.3,-16.4,-105.6,-50.7,-107.1,-66.4,-101.1,-11.9,-65.1,2.8,7.8999999999999995,3.8,-184.0,-124.5,4.5,-37.9,-15.7,-93.6,-27.3,-12.1,-111.0,-10.8,-47.7,-129.2,-37.9,-13.9,-7.1000000000000005,-72.2,-42.2,
-54.6,-151.8,-13.3,-48.9,-203.4,8.4,-21.1,-39.7,0.2999999999999996,-119.9,-17.4,-136.1,-29.0,-188.9,-100.4,-109.4,-18.0,7.6,-9.0,-7.4,-134.1,-0.7000000000000002,-95.1,-22.2,-14.9,-59.1,-75.4,-139.1,-15.0,-58.1,-103.3,-86.5,-24.9,-15.5,-86.2,-31.4,-103.3,7.8,5.199999999999999,-32.7,-119.7,-86.2,-21.4,-1.3000000000000005,6.2,-130.3,8.1,-152.4,-81.9,-4.800000000000001,-168.4,-42.7,-62.7,-59.2,5.6,-44.8,-114.4,-106.1,-97.6,-29.6,-110.3,-81.6,4.4,-1.4000000000000001,7.8999999999999995,-166.5,-62.8,-209.1,1.4,6.8,-13.6,-133.3,-138.0,6.2,-6.7,-12.7,-140.7,-31.5,-4.9,-134.4,-115.6,-40.1,-46.3,4.2,-48.0,-111.8,5.2,5.8,-2.9,-60.4,-28.2,-257.5,-59.9,5.1,-126.5,6.5,-19.5,-9.1,-64.1,-26.1,
-39.6,-33.8,-125.0,-69.7,-182.4,-65.5,-79.8,-77.5,-8.5,-29.400000000000002,-35.6,3.6999999999999997,-19.6,2.8,-31.900000000000002,9.0,-149.0,-181.0,-8.200000000000001,-40.7,-5.6000000000000005,-1.9000000000000004,-92.2,-15.6,-143.9,-1.5000000000000002,-17.7,-2.4000000000000004,-36.9,-8.0,-74.6,-161.2,-80.3,-101.9,-115.9,8.2,-133.0,-108.3,-47.8,-31.3,-89.6,6.0,-46.4,0.3999999999999996,3.9,-16.7,5.8,-85.8,-40.7,-13.8,-32.5,-10.1,-8.1,-33.0,-16.0,-43.9,-45.5,-48.8,-26.8,-81.6,-179.4,-89.6,-61.2,-79.9,-165.0,-223.2,-57.0,-1.7000000000000004,-89.6,-118.9,-29.5,-101.9,-18.7,-7.6,-10.4,5.6,-44.8,-37.6,-50.7,-157.1,-72.9,-9.1,-125.0,-103.6,-38.4,-200.9,-59.9,-70.2,7.2,-3.1,-10.5,-45.8,-198.4,4.5,5.2,-63.0,-189.1,-96.7,-9.4,-39.9,
-216.0,7.8999999999999995,-24.1,-189.7,-7.3,-83.8,-118.1,-208.7,-14.3,8.0,-3.3306690738754696e-16,-93.8,-18.900000000000002,-5.2,-22.8,-104.8,-105.8,-82.2,-44.6,-103.7,5.4,-42.9,-5.0,-132.8,-128.0,-10.9,-33.0,1.0,-8.5,-43.6,-8.1,-34.5,-40.1,-48.2,4.8,-123.5,-123.5,1.8999999999999997,-21.7,-64.9,-19.0,-5.3,-51.7,-303.3,-42.7,-39.4,-62.6,-205.9,3.4,-89.0,-65.1,5.3,-205.3,-34.6,-22.7,-70.7,-35.7,-133.3,-305.0,2.4,-154.7,-58.2,-7.9,-11.7,-142.9,-3.3306690738754696e-16,-24.3,7.2,-35.9,-51.2,8.6,-127.6,-62.6,-139.1,-7.300000000000001,-25.3,5.6,0.6999999999999998,0.7,-163.6,-82.6,-34.3,-24.900000000000002,-4.7,-10.200000000000001,-58.4,5.3999999999999995,7.8999999999999995,-70.2,-71.1,-67.5,-27.2,-97.2,-8.6,-5.2,-112.4,-43.3,-132.4,-208.0,-110.2,
-8.3,6.7,2.5999999999999996,5.0,-64.1,-92.3,-164.2,-8.100000000000001,5.5,-3.5,-193.4,4.2,-131.1,-114.1,-32.1,-165.3,-293.6,-2.0,-30.900000000000002,-88.0,-8.2,-52.2,-134.2,-17.3,-70.6,-70.9,-49.2,-4.3,-4.7,-5.6,7.8999999999999995,-69.6,-17.0,-30.0,-149.0,-5.800000000000001,-84.8,-134.2,-151.3,-133.7,-36.2,-6.1000000000000005,-179.8,-129.2,-44.1,-109.1,-2.9000000000000004,-2.0,-25.8,-151.6,-86.2,-68.6,-30.7,-38.6,-5.5,-58.0,-10.5,-32.6,-138.8,9.3,5.3,-3.8000000000000003,-93.9,2.0999999999999996,-113.2,-1.9000000000000001,-41.1,1.8999999999999997,-201.1,-175.7,-223.6,7.2,-61.6,-74.8,-66.3,-150.0,-0.5000000000000002,1.4,-30.2,-124.6,-39.8,-53.4,-66.7,-91.9,-18.8,-80.8,-15.0,-19.6,-88.9,-64.1,-73.1,-238.4,-18.1,1.4,-8.700000000000001,-5.8,-65.3,-30.8,-64.7,-13.0,
-54.7,-45.2,-168.8,-71.7,-155.7,8.6,3.6999999999999997,-20.6,-107.5,-1.6,-8.9,-4.8,-27.5,-60.3,-37.2,-124.4,-104.6,-230.8,-5.1000000000000005,-144.3,-38.3,-40.5,4.7,-195.0,-15.4,-22.4,-78.1,-168.1,-18.2,-3.5000000000000004,-22.3,-87.3,-38.3,-0.40000000000000013,-130.4,-17.6,-129.2,-122.7,-185.9,6.9,-64.1,-87.0,-206.5,-35.4,-77.8,-99.6,-30.3,-73.4,-81.0,-87.0,5.7,-54.6,-38.1,-156.2,8.5,-30.900000000000002,-147.1,-34.9,-14.9,-72.1,-32.0,4.2,-95.2,-13.8,-62.0,2.0,-5.300000000000001,-42.4,-11.9,-7.0,-59.2,-36.9,-181.3,-161.5,-103.8,-149.3,-172.2,-101.8,-278.0,-74.5,-7.0,-13.1,-13.1,-18.8,-8.6,-42.6,-187.4,-48.8,-48.2,-186.3,-141.0,4.0,6.0,-62.4,-122.2,-15.4,-94.2,-9.2,-22.3,-19.4,
-110.3,-17.7,-1.1,-113.6,-51.8,8.3,-24.7,6.3,-63.6,-56.2,4.1,-61.4,-73.4,-38.4,-68.8,1.4999999999999998,-200.7,-30.3,-99.3,-158.6,-97.2,-37.7,-39.2,-23.9,-150.9,-148.2,-4.4,-13.700000000000001,-147.3,-51.800000000000004,-153.0,-335.5,6.1,-117.5,-17.2,-128.6,-64.9,-80.2,-62.7,-3.5,-13.9,-27.2,-14.200000000000001,-97.7,-18.0,-4.2,-64.5,-63.4,-45.5,-69.0,-32.3,-236.5,-111.8,-5.3,-58.3,-70.2,-19.400000000000002,-120.0,-50.6,3.6999999999999997,-73.1,-130.7,-93.3,-52.9,-90.8,-5.9,-94.4,1.2,-130.7,-77.9,-74.0,-125.0,-47.9,-1.5000000000000002,-63.5,-44.5,-120.5,1.2999999999999998,-37.8,-77.4,-99.7,-30.8,-15.8,-107.8,-0.9000000000000001,-7.1000000000000005,-42.4,-88.0,-140.2,-30.900000000000002,-85.7,-49.300000000000004,-131.1,-34.2,-203.2,-112.6,-82.8,-79.7,-2.1,-77.2,
