0.0013499640062946128,0.0015506350100622512,0.001766889009559236,0.0021760680110674002,0.0029133450170775177,0.003488024011858215,0.004451737013368984,0.005538531012462045,0.0057417090129092685,0.006050466009583033,0.00659912101309601,0.00677824001013505,0.007036414008325664,0.0077432740090443986,0.008355514009053877,0.009342083008050395,0.010364904009293241,0.011230017006710113,0.01190897300512006,0.0121506730101828,0.013113679007801693,0.013281270003972168,0.013513265999790747,0.013600087997474475,0.013814981001814886,0.013921192999987397,0.014067010001781455,0.014487527004348522,0.015183967002485588,0.015420268003254023,0.016115980004542507,0.0162012870041508,0.016581034001319495,0.016851043998030946,0.017092676996981027,0.018081621994497254,0.018715229000918043,0.01901732200076367,0.020116066007176414,0.02020893200642604,0.02094171300450398,0.02105893800398917,0.021118958004080923,0.02216569301799609,0.022294334018624795,0.022780771018005908,0.023976076015060244,0.0244281530212902,0.024644586022986914,0.025010650024341885,0.025779181021789555,0.02608169902305235,0.026505041022574005,0.027465869024126732,0.027933659022892243,0.02922517702791083,0.029667504030840064,0.03023652802767174,0.030469166023976868,0.030823340018287126,0.03156636701896787,0.03201780901508755,0.03231139902072755,0.03357878501446976,0.03375193501051399,0.0343700100092974,0.03495161800583446,0.03522236100616283,0.0354089090051275,0.035516939004082815,0.03568903799896361,0.035880278998774884,0.036778964999029995,0.036871075000817655,0.0374320059963793,0.03844350099188887,0.038892035987373674,0.039045021988386,0.03909709499021119,0.03986185098983697,0.039954711989594216,0.040218854989689135,0.04058597298717359,0.04153313898223132,0.041652351984339475,0.04239790998508397,0.04291857898442686,0.04312579298584751,0.043333235983482155,0.043469642982927326,0.04356563798319257,0.04458593399886013,0.045307153999601724,0.045669547002944455,0.04614582299927861,0.047432753993234655,0.048030500992354064,0.04820708899114834,0.0486866359879059,0.04980900098234997,
0.05038162898108567,0.05112244298106816,0.05162575798021862,0.05224334797821939,0.05268287397757376,0.05287101397971128,0.05424585897435463,0.05539661897364567,0.055508822973934,0.055679008974948374,0.056589525976050936,0.05707068097763113,0.057476585979202355,0.0578287869820997,0.05886642697805655,0.05988302297828341,0.060023064977031027,0.06019445297351922,0.060886374974870705,0.0612734259766512,0.062289953976687684,0.0627921039786088,0.06477558498318103,0.0650004049830386,0.06548694298089686,0.06560196898317372,0.06662208299167105,0.06726144698404823,0.06741816198427841,0.0684626279899021,0.06871498799227993,0.06912854798611079,0.06968826598313171,0.07044799497907661,0.07083090798005287,0.07151646298098058,0.07191634597893426,0.07205765197977598,0.07220314198002598,0.07262669997453486,0.0748848889816145,0.07561092397554603,0.0757129499779694,0.07593784398341086,0.07628203598414984,0.07736342298358068,0.07840254098846344,0.079112679985883,0.07949470598759945,0.0803145809823036,0.08089691998065973,0.08117023298018466,0.0813253949791033,0.08215112097605015,0.08279181197303842,0.0838536409628432,0.08443812996301858,0.08469030596188531,0.08477342396054155,0.08563273995696363,0.0859733239549314,0.08681715595412243,0.08724278596127988,0.08793306596453476,0.08843671896192973,0.08895033296084875,0.08994488196003658,0.0902810799625513,0.09080207095848891,0.09130751395969128,0.09223307295269478,0.09271830394936842,0.09287779394890094,0.0931488149535653,0.09333495395549107,0.09434455696009536,0.09451188395723875,0.09533889194972289,0.09623512794496492,0.09654889694775193,0.09679119894644828,0.09725212294506491,0.0973941179454414,0.09767190393995406,0.09803634994023014,0.09921153793948179,0.09937754993916315,0.10037106293657416,0.100726139935432,0.10108571393720922,0.10126801993919798,0.10219970493199071,0.10258784593224846,0.10380808493846416,0.10392575193600351,0.10484473192445876,0.10533552793185663,0.10611703392896743,0.10637777692772943,0.10655648192914668,
0.10708679693107115,0.10805636393706664,0.10861953093899501,0.10954994994608569,0.10997464495267195,0.11068242695637309,0.11202282795056817,0.11231957695326855,0.11332473696165835,0.11361758096427366,0.11371661496468732,0.11460522196739475,0.11471993396571634,0.1154614399683851,0.11562743696958933,0.1160551559732994,0.11625037197336496,0.11661122896930465,0.1174475489751785,0.11753649897764262,0.11777442397578852,0.11844396097694698,0.11889374696875166,0.11942544096200436,0.11990590395635081,0.12098838096153486,0.1213076769545296,0.12139995795405412,0.1218394279549102,0.12257531196610216,0.12265275596564607,0.12315912397207285,0.12326646297060506,0.12436785097543179,0.12462575497193029,0.1251541439714856,0.12585859297541901,0.12641379597607738,0.12729720297556923,0.12864651997460896,0.12901851797232666,0.1299493839705974,0.1301162509689675,0.1303789149669683,0.1309256679687678,0.13104984097026318,0.13159050397371175,0.13244717497673264,0.13340748798054847,0.13353467198157887,0.1336827209815965,0.13399139398188709,0.13432754498171562,0.13531848997990892,0.1354071629784812,0.13578542197774368,0.13662817497788637,0.1367957049751567,0.1370529879750393,0.13733270298052958,0.13791843998478726,0.13821953298520384,0.14433702198493847,0.14521636497829604,0.1457022349750332,0.1464496599683116,0.14730974796475493,0.147620454967182,0.14869480197103258,0.14884186997187498,0.1491242159745525,0.14927528497355524,0.15078682697458134,0.1509829739743509,0.15155852197403874,0.15214480097165506,0.1521939229724012,0.1534304599663301,0.15394663396546093,0.15508575295825722,0.15550316096141614,0.15561593195889145,0.1556820909590897,0.15664475696121372,0.15694567496484524,0.1571589299610423,0.1578941239613414,0.15852040195841255,0.16007556196291262,0.16039680396079348,0.16091841096840653,0.1613775239629831,0.16228425196550234,0.16292574496492307,0.1637209279660965,0.16398803596530342,0.16450557796633802,0.16523717796553683,0.16551693896599318,0.1660024509701543,
0.1669178209722304,0.1679646059692459,0.16811224496814248,0.16926909396715928,0.16988126296564587,0.17016540496479138,0.17026030696524685,0.1709298339628731,0.17205021396875964,0.17233673696773621,0.1733155469673875,0.173458200965797,0.17374301596282749,0.17406066896273842,0.17526174496651947,0.17537870696469327,0.17579343395573233,0.17681517595156038,0.17702985294909013,0.17788616793950496,0.17800867494042905,0.17815740394144086,0.17964187193865655,0.17983379793986387,0.18001787593675544,0.18040937193381978,0.18088864293713414,0.18188356794144056,0.1825907299444225,0.1829835669404929,0.18365010793877445,0.1841672409364037,0.18513686993355805,0.18521097493248817,0.1854684339296,0.1859591209286009,0.186307922927881,0.1865442109246942,0.18709086192575342,0.18766286392292386,0.18773206992227642,0.18821965892584558,0.18877734492525633,0.19006238091787964,0.1901542909163254,0.19057496691766573,0.19086345792129578,0.19191803592275392,0.19285634792231576,0.19319221792829921,0.19347958592788927,0.19430540391931572,0.19461505391609535,0.20029746391628578,0.20084759291330556,0.20102510391461692,0.20132734891831205,0.20150609091706428,0.20168896892027988,0.20184588792290015,0.20217113692797284,0.20327069193263014,0.2042372189271191,0.20440700492690667,0.20522435191287514,0.20530617491385783,0.20545105491146387,0.20655714989607077,0.20695390689252235,0.20791637588627054,0.20812403688705672,0.20852526288945228,0.2092482558955453,0.21152513889592228,0.21189364089696028,0.2123197758983224,0.21253583289490052,0.21269988689437014,0.2137149809013863,0.21405493590373226,0.21460145990386081,0.21495216290986718,0.21546391391075304,0.21604088091407903,0.21611817391567456,0.21620121191426733,0.21703842591523426,0.21747183591651265,0.21752717191702686,0.21780510591634084,0.21832225991147425,0.2186140389103457,0.21900109291073022,0.21963569691251905,0.22061188690440758,0.2208231949043693,0.22131403290404705,0.22152943790388235,0.2216012949038486,0.22211735790642706,
0.2232802189018912,0.22368744390041684,0.22445515788967896,0.22559006088340539,0.22614683088704624,0.22654343388330744,0.22696861988242745,0.2273281928819415,0.22823602488006145,0.22870451887865784,0.22906229087766405,0.22934210287439782,0.2295893758737293,0.23011989187398285,0.2301993088740346,0.2323803958697681,0.23267442986798414,0.2329996928674518,0.23331646086717228,0.23363165186310653,0.2347448728623931,0.23550639785935346,0.23633647385941003,0.23694893486572255,0.23763064685590507,0.23785561885870266,0.2388913258610046,0.23901777986429806,0.23911354486426717,0.23988216786892735,0.24021043386619567,0.2406002018660729,0.24158529887154145,0.2421013438670343,0.24309515786717384,0.24430103887061705,0.24460480587185884,0.24561763687415805,0.24623998087099608,0.24642064987256163,0.24724055587103067,0.24737406487020053,0.247529374869373,0.24802957686461014,0.24886311286172713,0.24913221586302825,0.24947011685981124,0.25008162285575963,0.2513745128590017,0.2515170758588283,0.25209696786168934,0.25222666486206435,0.25321071487451263,0.25365552987477713,0.2543255658747512,0.25476311488273495,0.2549983938852165,0.2552211438851373,0.25624253488331306,0.2566338058804831,0.25696807988060755,0.25763353587899473,0.2579743678879822,0.2582469678909547,0.25891553688688873,0.2590340498863952,0.25961735988130386,0.2597842718842003,0.2605529098873376,0.26070345588414057,0.26152100288618385,0.26161242788657546,0.2620199028942807,0.26221848089062405,0.26241256488901854,0.26270267489235266,0.2628276688947153,0.2633242378979048,0.2637348449034107,0.2638018109028053,0.26460101490283705,0.2649544468995373,0.26551577590453235,0.2660168419015463,0.26707784088648623,0.26736405188694334,0.2675722368830975,0.26815754388371715,0.2686642718808798,0.2689000018772276,0.2691391998760082,0.2701062278738391,0.27031400687610585,0.2705016148765935,0.27119826687885507,0.2722331348786611,0.27296527887756383,0.273922599875732,0.2742039928743907,0.27436196187318274,
0.27562065387701296,0.2758462258752843,0.2762401788795614,0.2764876888750223,0.27746942487647175,0.2775974978776503,0.27778077087714337,0.278086547874409,0.2782099028745506,0.2792280438743546,0.28001175187364424,0.28049175687283423,0.28113092286730534,0.28135182086953137,0.28216255786810507,0.28237473686476733,0.2825346538611484,0.28310343485918565,0.2835118218554271,0.2837691638533215,0.2847451058532897,0.2848682108542562,0.2856955428542278,0.2865224368570125,0.2874165148632528,0.2880825828624438,0.2884389578657647,0.2885828218650204,0.28877014286535996,0.2891198548650209,0.2900735148714375,0.29021312086933904,0.2905314278705191,0.2912359478732469,0.2915225758742963,0.291683252873554,0.29268731188039965,0.29348322188343445,0.2936898058887891,0.29420884088358434,0.29526500988959015,0.2962714668874469,0.2968074588843592,0.29700051088730106,0.2979695928897854,0.29848169289562065,0.2997127858870954,0.30002030888590525,0.30085697989488835,0.30101679289509775,0.3011191348978173,0.3016170748942386,0.30279630789391376,0.30299486989224533,0.303695710892498,0.30399476389538904,0.3045030638932076,0.30474392289397656,0.30560979289384704,0.3057175018948328,0.3060228728945731,0.3062405708960796,0.3064350828944953,0.30674257089322055,0.3074582998870028,0.3079085398812822,0.30892000988205837,0.3094484218836442,0.3096245208826076,0.3097966658815494,0.3101757868844288,0.31039376688841,0.31106191688468243,0.31124704088688304,0.3115682158868367,0.31183131688703725,0.3123754128882865,0.312497308887032,0.3134873258832158,0.3136342338821123,0.3138606588827315,0.3146837398790012,0.31581139887930476,0.31589499688016076,0.3168594258850135,0.3173744968862593,0.31767144288915006,0.31818523488982464,0.31939166788743023,0.31992121488656267,0.3201655048869725,0.3209913758801122,0.3213368438800899,0.3216136118808208,0.32185435188057454,0.32296945387679443,0.32393896488065366,0.32405394288070966,0.32441254087825655,0.32524381887651543,
0.32608340686965676,0.32729140186984296,0.3277705348609743,0.3282374688569689,0.328653811852746,0.32949349885529955,0.3307563598582419,0.3308740378570292,0.3310149628587169,0.3319898908621326,0.33227920286481094,0.332938114859644,0.33350707786394196,0.3337102438663351,0.3347005988671299,0.33566293986041273,0.33578186786144215,0.3362033448584043,0.33675140886134614,0.3368884288602203,0.33703057886123133,0.3372757928618739,0.3375281678627289,0.3384080688629183,0.3386611188625466,0.3389024118605448,0.33955967785823304,0.3397389318615751,0.34006917985880136,0.34015531585737335,0.34024743985992245,0.3404565108603492,0.34122727986596146,0.34139656986553746,0.34237113087874604,0.34291698388187797,0.34304433788292954,0.3440821108770251,0.3444502878737694,0.3460264288678445,0.34616746786741714,0.34714768986668787,0.34724742586604407,0.3476801948645516,0.34797549686209095,0.34838835186019423,0.3488224338616419,0.34901524286033236,0.3496975448579178,0.35028356186194287,0.3505644308588671,0.35116263285726745,0.351375804856616,0.3515336978580308,0.3518183098585723,0.3520072888586583,0.35225785685906885,0.3532123068598594,0.3543577918508163,0.35457156784923427,0.3549833048527944,0.3554074788498838,0.3555053398486052,0.3564722028459073,0.35745078084983106,0.3581207378510953,0.35876862385248387,0.3589148558521629,0.35980199985806394,0.36007508285638323,0.36024473785528244,0.36054976185459964,0.3608162748569157,0.3608888948574531,0.3610399978579153,0.3612283068605393,0.3616108208652804,0.3630895838687138,0.36410209186760767,0.36441444186493754,0.36540648286245414,0.3666894418647644,0.3668414378653324,0.36711968386407534,0.3681542448721302,0.36837749987262214,0.3686200018719319,0.36872852487158525,0.3689368388741059,0.3692571208712252,0.3695246338684228,0.3697261568704562,0.3700219188694973,0.3705164538741883,0.3710298448704634,0.3714827608664564,0.37288052987150877,0.37299123087177577,0.37328247787445434,0.373483062872765,
0.37362487387326837,0.3738279818717274,0.37408863487416966,0.3749163758748182,0.37554690787055733,0.3761110688719782,0.3762603258701347,0.3768629508658705,0.37733127486353624,0.37776341986227635,0.3779157018634578,0.378411996862269,0.3784821438612198,0.37872723486179893,0.37890813386002264,0.38008178085783584,0.38073768885533354,0.3809379838558016,0.3810231208553887,0.38202778684717487,0.38281574184566125,0.38379908284696285,0.3846687548475529,0.3864368928461772,0.38678929884645186,0.3872359338483875,0.3874401998491521,0.3881082588486606,0.388373710849919,0.38898669884838455,0.38912316384994483,0.3903052438481609,0.39053382285146654,0.3911436548569327,0.39166850085348415,0.3918181198532693,0.39220473685691104,0.3926357458512939,0.39321270185791946,0.39412147885286686,0.3951035168602175,0.39548284886041074,0.3958558838612589,0.3969843418681194,0.3971227038637153,0.39719300986416783,0.3977402568625621,0.39828133286300726,0.39839198386380303,0.3984672248643619,0.39876713585999823,0.39901212585482426,0.3992104718563496,0.39940854385531566,0.40042263285704394,0.4006738408579622,0.4016798808661406,0.4021890238627748,0.402509634861417,0.4028492788629592,0.40319056985845236,0.4037371018603153,0.4038584148574955,0.40397965685588133,0.4110932408611916,0.41163093586237665,0.412243323853545,0.41301327785186004,0.413277506850136,0.41355041285351035,0.41415884685193305,0.42004423185790074,0.42103909386332816,0.4214196548664404,0.42221007686384837,0.4232876828746157,0.42347802587664773,0.4248567058821209,0.4257731238803899,0.42660261188484583,0.42728730588441977,0.4274960138864117,0.42792378788908536,0.4287377098944489,0.42977016288841696,0.42991121188788384,0.43034844588783017,0.4306843498861781,0.4316387558810675,0.4320833788760865,0.43254363487358205,0.4332102688758823,0.433297531874814,0.43354497887321486,0.4340973238740844,0.43429885087607545,0.43460867787689494,0.43471095087625145,0.4356080918760199,0.4366146158799893,
0.43788040387971705,0.43895114687256864,0.439219262874758,0.4393728978739091,0.4398001718745945,0.4401937118764181,0.44081650187854393,0.44115774588135537,0.4419711688797179,0.44252949788005935,0.44284428687478794,0.44331407887511887,0.4435244848800721,0.4437216368814916,0.44437752488465776,0.44470648988408357,0.4448505518848833,0.44495880788690556,0.4450922778887616,0.4461117828841452,0.4463399918849973,0.4469684348887313,0.4473655318861347,0.44762675188667345,0.4479035588883562,0.4483249208860798,0.44857979288644856,0.4487469918876741,0.45040773688651825,0.45059807488360093,0.4510628738853484,0.45124684888378397,0.4515263918829078,0.45161866288526653,0.4518200008842541,0.45214647488592163,0.45281178188088234,0.4529799448828271,0.453883152880735,0.454110166879218,0.4551186918761232,0.45541445787876,0.45586062987968035,0.4569251398825145,0.45712486788397655,0.4579296138845166,0.45845639188064524,0.4586612188777508,0.4588190728773043,0.45933065987264854,0.45937497587328835,0.4595542908728021,0.45979709487164655,0.46002901787414885,0.4601640658756878,0.4608925678749074,0.461531633877712,0.46185206987956917,0.4627937978857517,0.46337378288717446,0.4636209588879865,0.46422225389142113,0.4646565528864812,0.46482715288493637,0.46504281589022867,0.4653769638916856,0.4666717478985447,0.46676982889948704,0.4673191899064477,0.46798240791122225,0.46826172291184776,0.46996119590858143,0.47112228490914276,0.47140003890672233,0.4724132529072449,0.4729383009071171,0.4730238549072965,0.47400743891375896,0.4741243479138575,0.47500641990882286,0.47516534990791115,0.47523940890823724,0.4759193889076414,0.47603233090831054,0.47706539491082367,0.47803547791409073,0.4782254619140076,0.47840642491610197,0.47855041891671135,0.4787235089133901,0.4790169669113311,0.4794181879115058,0.4803952769088937,0.48047668290928414,0.48097238890659355,0.48179967090709397,0.48214961290796055,0.48228703090899216,0.48282440790444525,0.48299638790285826,
0.48372862489941326,0.4842244589035545,0.4847432468950501,0.4850489198943251,0.48644268789666967,0.4888123858881954,0.48905189188644727,0.4897235688922592,0.49028791289129003,0.4911397638843482,0.49123887088262563,0.4916256218812123,0.49283003687651217,0.49356861786964146,0.49400522186715534,0.49455064285848493,0.4947908378580905,0.49516079586010164,0.49602958986088197,0.4964521788569982,0.497424545850663,0.4982074078570804,0.4987520648592181,0.4993127178586292,0.499386190858786,0.49966757385755045,0.49983408185926237,0.5008111418528642,0.5014139488521323,0.501951220853698,0.5021911438516327,0.5027642398499665,0.5028963468521397,0.5031925048506309,0.5040929788438007,0.5046087018436083,0.5049086448434537,0.505516082836948,0.5064893278340605,0.506554493832482,0.5070933258402874,0.507283453837772,0.5079261988421422,0.5083995838449482,0.5101796808330619,0.5104298578335147,0.510673081834284,0.5109423528338084,0.511137391835291,0.512306040826843,0.5138729478239838,0.5140871218245593,0.5144589888250266,0.5146410798270153,0.5156571898232869,0.5163554318305614,0.5170182258279965,0.5175193018285427,0.5179998318280923,0.5184944538314085,0.5191519458330731,0.5206462138239658,0.520847245823461,0.521654833823959,0.5218354008256938,0.5227223428264551,0.5237354908258567,0.5246241078157254,0.5247961228114946,0.525041564811545,0.5251251568106454,0.5253316098105643,0.5260401588157038,0.5272009248137692,0.5273778928121828,0.5285375578105231,0.5291959318074078,0.530937834807446,0.5313898988060828,0.53194527580672,0.5324733138068041,0.533370855801877,0.5335719337963383,0.5337698617931892,0.5342628257940305,0.5343587637908058,0.5350285647982673,0.5359090477932114,0.5372575637984482,0.5376106157955292,0.5379748357981953,0.5382803327975125,0.538557272799153,0.5388272317950396,0.539073765799003,0.5395550038028887,0.540116651801327,0.5405918968017431,0.5417149868053457,0.5426280688125189,
0.5435467178122053,0.5438409308108021,0.5448936548036727,0.5463215037998452,0.5471687238023151,0.5474355478045254,0.5480900757993368,0.5486755918018389,0.5495865338025396,0.5500883387994691,0.5502149187968826,0.5505469087984238,0.5510415167955216,0.5519680577863255,0.5520409297878359,0.5521586707900497,0.5531239777928931,0.5535898927919334,0.5538821577874842,0.5543749677890446,0.5545737127895336,0.5557284427804916,0.5558777437818208,0.5559757747796539,0.5569865347806626,0.5579237257734349,0.5592735297732361,0.5593497177733298,0.5603477947815918,0.5609445267837145,0.5616081777843647,0.5625825787847134,0.5628104807856289,0.5629495057846725,0.5631553517878274,0.5639893467869115,0.5642183877853313,0.5650955317742046,0.568177701775312,0.5683606627762856,0.5693788327680522,0.5703578767661384,0.5706855797643584,0.5715214737674614,0.5719046127733236,0.5720649317727293,0.5727107677748791,0.5732380197723614,0.573374457772843,0.5738933757693303,0.5742286157710623,0.5745650137723715,0.5746973777704625,0.5748535557722789,0.5750448147691714,0.5756161747758597,0.57659810477071,0.5767175677692649,0.5769609057706475,0.5775999187708294,0.5780919897679269,0.5786352607701701,0.5788264717702987,0.5789750217718392,0.5794261997707508,0.580398276766573,0.5807573317697461,0.581014344774303,0.5815393187776863,0.5822465727796953,0.582558749776581,0.5827490907722677,0.5828579967746919,0.5837430147703344,0.5838454137738154,0.5840917507721315,0.5843821767712143,0.5845878947739038,0.5850229997704446,0.5856764257705436,0.5864938117711063,0.5869603047704004,0.5872897707658922,0.5880917777767536,0.5884832877773079,0.5889050887781195,0.5891904027830606,0.5898686557829933,0.5902874427774805,0.5905135817783957,0.5906913647804686,0.5908165597811603,0.5909776887810949,0.5913575407812459,0.5923518987838179,0.5929796477830678,0.5936230117786181,0.5947084657809683,0.5964179017782953,0.5965456697786067,
0.5977204147748125,0.598398660773455,0.5985614227765836,0.5989076787736849,0.5998360737758048,0.6011422317751567,0.6013578437750766,0.6016962047733614,0.6026035247759864,0.6030529387799106,0.6038791927776401,0.6039986227779082,0.60418897877571,0.6054385667621318,0.6063922967614417,0.6081643237585013,0.6088693277506536,0.6097880907536819,0.6108234227503999,0.6109125267503259,0.6111477577542246,0.611707326755095,0.612154470754831,0.6123440307537749,0.6124441937572556,0.6126072507595381,0.612707852757012,0.6130681687600372,0.6134078457607757,0.6143084427567373,0.6149640737585287,0.6155114057619357,0.6158822347615569,0.6164066357632692,0.6174123527607662,0.6181186417543358,0.6183340647539808,0.6185479897540063,0.6190000737524315,0.6193217877525967,0.6197761097500916,0.6202317277484326,0.6206708437530324,0.6217743447587054,0.6219380597622148,0.6221373767648402,0.6225406287630904,0.6230740407663689,0.6233607087642667,0.6237604477664718,0.6242112207719401,0.6246861327736042,0.6252263947762913,0.6257498197774112,0.6265571087706121,0.6270677607717516,0.627237588771095,0.6279252177700982,0.628983038765,0.6294558157633219,0.6304459447610498,0.6326007907618987,0.6328693497607674,0.633151186761097,0.6335048947703399,0.6338462937719669,0.6343770287730877,0.6349064527739756,0.6358557937719524,0.6365473327768996,0.6373293917804403,0.6375853267800267,0.6383886967751096,0.6385728347722761,0.639059891769648,0.6397343167700456,0.6398473297704186,0.6416514797692798,0.6419897447667609,0.6421068977670075,0.6424294497701339,0.6431633927677467,0.6434949317708742,0.6440564887689106,0.6445217927666818,0.6447432627683156,0.6450487437723496,0.6452822187757192,0.6453428097756841,0.6476736007762156,0.6487977987781051,0.6490079477780455,0.6500231367754168,0.6511109557859527,0.6513477937869538,0.6515423947912495,0.651727202793154,0.6518047377930998,0.6521900657990045,0.6525289587971201,
0.6544399787962902,0.6552566258023944,0.6562918548024754,0.6572569017944261,0.6584017538052649,0.658811284807598,0.6589716908056289,0.6602263408149156,0.6605333578190766,0.6615648998222241,0.6625964918221143,0.6628028118202565,0.6631039408221113,0.6631613608242333,0.663596783826506,0.6639550028285157,0.6649490238214639,0.6653409438195013,0.6663657278249957,0.6664647668267207,0.6671325678235007,0.6684215068362391,0.6685680598366162,0.6690589788386205,0.6700850938341318,0.6708215768294394,0.6710152548266706,0.6711433678265166,0.6719066478226523,0.6724235638221217,0.6726395298219359,0.673536651818722,0.6738307268251447,0.6745426538200263,0.6750598148182689,0.675236315818438,0.6753552848222171,0.675897467824143,0.6769358038191058,0.6775233238149667,0.6777557968152905,0.6782126988173331,0.6785089348131805,0.6786250318118618,0.6790126788127964,0.6793317088149706,0.6796850228120093,0.6798418138132547,0.6803522448117292,0.6825989748049324,0.6830520317971605,0.6837178717942152,0.683911983793223,0.684898692798015,0.6859945668065848,0.6866555368069385,0.6867834438071441,0.6873087238063817,0.6888517678089556,0.6889742848088645,0.6899940168177636,0.6909901338085547,0.6918662058151313,0.692748417814073,0.6929854998152223,0.6939567828139843,0.6944501988136835,0.6959472718053803,0.6964460438057358,0.6969544988069174,0.6973133148094348,0.697497605810895,0.6976259008124543,0.6978653768155709,0.6983356708205974,0.6992724708279638,0.7003570188217054,0.7008591468265877,0.7010240608269669,0.7016659428300045,0.7020000048296424,0.702401840829225,0.7027246048246525,0.7030580898253902,0.7032482898230228,0.7037282578285158,0.7039143508318375,0.7043072328297058,0.7052468798283371,0.7062123428295308,0.7064903608315944,0.7069562478300213,0.7073884848296075,0.7078636408241437,0.7081000948255678,0.7088001968286335,0.709571723830777,0.7102609088351528,0.7111342938369489,0.7112321708391391,
0.7114426128355262,0.7128658718411316,0.713037292842273,0.7135265978431562,0.713661601842432,0.7140186298420304,0.7148027898438158,0.7151888348416833,0.7154499848393243,0.7155736078375412,0.7160215828334913,0.7166102278306425,0.7168663118309269,0.7172545648318192,0.7174167878301887,0.7176764318337518,0.718727978833158,0.7192909358273027,0.7195493468252607,0.7196757188257834,0.7198606538267995,0.7204459008235062,0.7213424168248821,0.7230329008207264,0.7239101838213173,0.7240393368192599,0.7246926138204799,0.7257826878221749,0.726765432814318,0.7268412348139464,0.7277559208168896,0.7290249798124933,0.7291645078148576,0.7294600198174521,0.7299698128208547,0.730605556822411,0.7311372908225167,0.7320884608325287,0.7329188228331986,0.733875288841773,0.7351658568441053,0.736198534847972,0.7364665108516419,0.7375819718590719,0.737789729859287,0.7383650188503452,0.7387508338533735,0.7389463208510278,0.7401526048488449,0.7402907708483326,0.7416244568512411,0.7425183728528282,0.7431454108536855,0.7438209318524969,0.744016305848163,0.7444912308492349,0.7454935748473872,0.7455832288478632,0.745933844843421,0.7462696968459568,0.7464469298465701,0.7465848018428005,0.7468027478407748,0.7473658898416033,0.7478733208436097,0.7480970468423038,0.7482233598411767,0.7484205148393812,0.7489631298349195,0.7491557918356193,0.7497116168360662,0.7524849708352122,0.7525798058377404,0.7529362148407017,0.7534446648378434,0.753563971839867,0.754007480846667,0.7544092988464399,0.7550114368459617,0.7559793318487209,0.7564816308540685,0.7567702938540606,0.7571838538560769,0.7573880828558686,0.75783086085994,0.7580190828584819,0.7581246288600596,0.758577401866205,0.7590170468656652,0.7594530008636866,0.7598138028606627,0.7601841118621451,0.760605025860059,0.760786645859298,0.7614459928581709,0.7623339578567538,0.7624893198553764,0.7635024848541434,0.7640548968538496,0.7644531208570697,
0.7648933248565299,0.7653688258578768,0.7664269598571991,0.7668423388595329,0.7675595418650119,0.7680575518643309,0.768758678867016,0.7696655268573522,0.7703535148621086,0.7704943918615754,0.7715676928610264,0.7721748148615006,0.7726306108588687,0.7732445028559596,0.7742316108588057,0.7747502338588674,0.7748466388566158,0.7758173938518667,0.7758988178520667,0.7768795668434905,0.7770003548412205,0.7772162548426422,0.7775304478436738,0.7778262958463529,0.7782446118490043,0.7784376168501694,0.7789359168473311,0.7790651418481502,0.7797195548500895,0.7798257268495945,0.7799518878491654,0.7811936468551721,0.7816250598543775,0.7831027168595028,0.7834777968564595,0.7845187608572814,0.7846164348566163,0.7848863658600749,0.7868842838552155,0.7875729518473236,0.7891444918450361,0.7903691748479105,0.7906716558482003,0.7909682268473262,0.7913109228447865,0.791666759841064,0.7925501388435805,0.7927439068434978,0.7935078478440118,0.7954260078458901,0.7969264088551427,0.7976745118603503,0.7979515518600238,0.7984328748607368,0.7986654318592628,0.798957169861751,0.7991690158614801,0.7993344498636361,0.7996190648618722,0.7998506718558929,0.8005369788461394,0.8008192438492188,0.8008774338504736,0.8011242208485783,0.8013582598478024,0.8016256198561678,0.8024417708620604,0.8030103308628895,0.8031454978681722,0.8041424808661759,0.8046381338663195,0.8054864318646651,0.8056122028647223,0.8058320228647062,0.8062463708683936,0.8065888418705072,0.8067911568696218,0.8072039998651235,0.808126877866016,0.8087243828695136,0.8092589768721155,0.8094035768717731,0.809929548875516,0.8104519888729556,0.8109773108762965,0.8119858408726941,0.8122651188750751,0.8123432118763958,0.8126381468755426,0.8128348358759467,0.8138487458736563,0.8148160188775364,0.8154656878778042,0.816039170887052,0.8161757018897333,0.8171260208891908,0.817516498887926,0.8181059668895614,0.8183661108932938,0.8188647828910689,
0.8191279708962611,0.8192347348976909,0.8196723358987583,0.8200920118961221,0.8208021128975815,0.8210874248979962,0.8212505349001731,0.8219404058991131,0.8227958498946464,0.8242126938976071,0.824738662900927,0.8257393419053187,0.8258677189041919,0.8267120099080785,0.8277126569055326,0.8278255589048058,0.8283779869097998,0.8296906739096812,0.8299967919092524,0.8310356359088473,0.8312015729097766,0.8315605889147264,0.8324697479138194,0.8326216219165872,0.8328250989206936,0.8337978959161774,0.8340188499132637,0.8342404879131209,0.8345913209104765,0.8350186839106755,0.8351702269110319,0.8352443529101947,0.8361144379096004,0.8366998259134562,0.8370741519183866,0.837572962912418,0.8387341319148618,0.8397162859164382,0.8399828529154547,0.8409317189079957,0.8411418889118067,0.842079956906673,0.8426526049070162,0.8432770409071964,0.8442586369119454,0.8445876669129575,0.8446704239140672,0.845329789911375,0.8455697739163952,0.8457666539143247,0.8459418369202467,0.8463424489227691,0.8475947919187092,0.8477432199188115,0.8478821159196741,0.8481686049208292,0.8484291699223832,0.84864085692152,0.8488311029250326,0.8496092069181032,0.8509141259191892,0.8510465669205587,0.8512647849229324,0.8514270839241362,0.8516118089200972,0.8532160529221073,0.8536083869203139,0.8544881759207783,0.8547596719226931,0.8557704999275302,0.855918185929113,0.8561525429295216,0.8566012809324093,0.8569353729326394,0.8585064649278138,0.8586835769301615,0.8590438299288508,0.8596707989308925,0.8606864949351802,0.8611772489330178,0.8615196399287015,0.862011100924974,0.8622478019224218,0.862323227925117,0.8629739619227621,0.8631595409233341,0.8642376489251546,0.8646423739219244,0.8650866229218082,0.8661364559175126,0.8665382099179624,0.8676606249164251,0.8690149669173479,0.8692563119184342,0.8695006289226512,0.8696957569227379,0.869984711921461,0.87040368991984,0.8711615149195495,0.8715777979214181,
0.8731549829262804,0.8735357019240837,0.8736561519235693,0.8742819569233689,0.8758752289168115,0.8764492049167529,0.8766856889187693,0.8769259399177827,0.8773583869160575,0.8778907909172631,0.8784902439147118,0.8791027539136849,0.8793463529173096,0.8803863199136686,0.8806846609086278,0.8810276069107204,0.881218964909749,0.8818666949118779,0.8819775309093529,0.8824386469095771,0.8827274729110286,0.883036439915486,0.883969484923,0.8853780629169705,0.8865725389196086,0.8872838839170072,0.8874917519187875,0.8887194989229101,0.8896862249193873,0.8899213489175963,0.8901777829169077,0.8909657929143577,0.8917731549154269,0.892938304913514,0.8959832769151035,0.8962154299151734,0.8969152829149607,0.8974687569143498,0.8978149929116626,0.8985008429135632,0.8988705889114499,0.8990524949131213,0.900324334904326,0.901698467908318,0.9022212889067305,0.9036690709017421,0.9038014639018002,0.9043906539045565,0.9045848159075831,0.9053085609048139,0.9058262209046006,0.9063363549030328,0.907493592897481,0.9080596689018421,0.9090695829090691,0.909307398906094,0.9094324459065319,0.9107224699191647,0.911133264919954,0.9112854239210719,0.9119251809206617,0.9126089539231543,0.9127953989245725,0.9138156269264073,0.9144580349293392,0.914767009926436,0.9150790669245907,0.9152003469253032,0.9155272099269496,0.9163689659262673,0.9171661129212225,0.9181027689210168,0.918594545922133,0.9187613499225336,0.919587511915779,0.9205718969169538,0.9206404859187387,0.921024567915083,0.9211274039162163,0.921394805914133,0.9223898809113962,0.9231398239126065,0.9232146579124674,0.9238305209119062,0.9248974029051169,0.9254775319068358,0.9258199919113395,0.9262426099130607,0.9266719889155866,0.9277542239251488,0.9280705299252077,0.9281956219247149,0.9283520129247336,0.9297087549248317,0.930472244926932,0.9310334619285641,0.9311306129275181,0.9316847089294242,0.9327021039243846,0.9334121939173201,
0.9338719099196169,0.934899358921939,0.9356449119186436,0.9359311309117402,0.9366388119087787,0.9373812089097555,0.937501921907824,0.9376850409034887,0.938682511911793,0.9392404419068043,0.9403181719035274,0.941227608902409,0.9416293999011032,0.9418374178994782,0.9421870629030309,0.9432453468934909,0.9433995608897021,0.9437949788907645,0.9438981538905864,0.9448653598910823,0.9459199858947613,0.9461945818984532,0.9469723489000899,0.9476085148999118,0.9483356718938012,0.9484150058933665,0.9490028629006702,0.9491890339004385,0.950201651901807,0.950678264900489,0.9510402838996015,0.9520763669097505,0.9523690999103565,0.954350141915711,0.9547783779116799,0.9551009189126489,0.9552137579103146,0.9558709959137559,0.9564241839152601,0.9574522779166728,0.9576601259132076,0.9580463709116884,0.9593484039169198,0.9614485859137858,0.9617463919103102,0.9630435479130028,0.963216396912685,0.9638729819143919,0.9641095889137432,0.964616566917357,0.9650680119229946,0.9656440199232748,0.9657950059245195,0.9661513799192107,0.9664875389171357,0.9672186239131406,0.9673518109102588,0.967604215909887,0.9686276149204787,0.9695816009207192,0.9699587709164916,0.9700616609179633,0.9711875369139307,0.9720069589102422,0.9724294949110117,0.9725573359110058,0.9737767359174541,0.9746679169138588,0.9748717129132274,0.9757907679068012,0.976115418909103,0.9762676909094807,0.9770639679099986,0.9778881909132906,0.9784315349097596,0.9787830639052117,0.9789415129025656,0.9795279029031008,0.9806260049008415,0.9817414759045278,0.9820534719074203,0.9830785049052793,0.9832882679065733,0.9835013109050124,0.9840802159078521,0.9852015649084933,0.9857193339139485,0.9857834619142523,0.9924975239136984,0.9931378069159109,0.9936428529181285,0.9946633909248703,0.9948772809220827,0.9953360659301325,0.9957150339323562,0.9963659359345911,0.9965264099300839,0.9969131359302992,0.9976686669360788,0.9984052389318094,
0.998862094935248,0.9999478649324374,1.0005537679344343,1.0007634469357072,1.001616997932615,1.0017726309361024,1.0020920139395457,1.0025728869404702,1.003223724937925,1.0038249799317782,1.005128976926244,1.0055394949295078,1.0056568479276393,1.0065509789292264,1.0067976969303345,1.0076480969300974,1.0083363709345576,1.0087777459393692,1.0097948849443128,1.0103965459511528,1.0107157949523753,1.0111282879515784,1.0121351379566477,1.0127810879575918,1.0130376019633331,1.0141163129674169,1.014499874968351,1.014908706974893,1.0154089549805576,1.0159304009766856,1.0169625429807638,1.0173713219774072,1.01853487997505,1.0187650229727296,1.0193412229800742,1.0194898069812552,1.0196868439807076,1.02029778798169,1.0207381159852957,1.0214057049852272,1.022762037989196,1.0242409969850996,1.0250541199811778,1.0251607639811482,1.02625477197671,1.026676405973376,1.0269966249761637,1.0270979099768738,1.027289090978229,1.028467273979004,1.029480902981959,1.0297732429880853,1.0303695359862104,1.0305927199851794,1.0311075939835064,1.0315864619888089,1.0317333659877477,1.0322800249787178,1.032711370978177,1.033321132981655,1.0341828789851206,1.0344441929837558,1.0346716389840367,1.0348359969848389,1.0350915589851866,1.0360366019885987,1.0365697299930616,1.0367247859912823,1.0377362869867284,1.0387696869884167,1.03971175798506,1.0409119019950595,1.0412616999910824,1.0416712109945365,1.0418684259957445,1.0421155169942722,1.0427447569918513,1.0429714269903343,1.043869520993212,1.0448676789956153,1.0450611019950884,1.0451572569954806,1.0470107589871986,1.0480552999842985,1.048310462986592,1.0491024849861788,1.0492647839837446,1.0497939349879744,1.050163256992164,1.0510123820049557,1.0523258540042661,1.0533257629977015,1.0536210149975886,1.0538934860032896,1.0549287510048089,1.0550792340036423,1.055683831999886,1.0560300249999273,1.0565017940025427,1.0572696779981925,
1.0588698940100585,1.0590759460101253,1.0593303430086962,1.060519660009959,1.06074440800694,1.061324821006565,1.0615784840056222,1.0617819220069578,1.0620989140052188,1.0628562299971236,1.0640541069924438,1.064712855990365,1.0649603899901194,1.065883857987501,1.0669834819891548,1.0671635519856864,1.067268879986841,1.0675334749867034,1.0678566019878417,1.0682656059843794,1.0691351589866827,1.0693753969871977,1.0696680969831505,1.0703659969794899,1.071559125973181,1.0718668609715678,1.0725003919787923,1.0734520259793499,1.0744934219710558,1.074953881977308,1.0753571809736968,1.0755913439707,1.076225051970141,1.0770515389804132,1.0780490599745463,1.078432954971504,1.078639637966262,1.0796309519737406,1.079767675972107,1.080003552970993,1.080263003973414,1.0804907759702473,1.0806503289704779,1.0810496179747133,1.0820239239674265,1.0824148229630737,1.082531827962157,1.0828039709631412,1.0830279179645004,1.0835723409609272,1.0846545239583065,1.0855617279548824,1.086003397957029,1.08645654096199,1.087359966958502,1.0884918559540893,1.0887769719565767,1.089182389961934,1.0897389939582354,1.0903338549551336,1.091288306955903,1.091609406956195,1.0925631799509574,1.093912065949553,1.0941201349505718,1.0951545209563847,1.0957376469577866,1.0958597899598317,1.0961558759636318,1.0964652809634572,1.101583256961021,1.1022171749564222,1.104779258957933,1.1050902479582874,1.1055666739548542,1.1059601109536743,1.1061882469557531,1.1072038729589622,1.1073642229566758,1.1075516749542658,1.1078101539533236,1.1081752809523095,1.108877013955862,1.1098943209572099,1.1101176869569827,1.1112913159595337,1.112001261955811,1.1124857389486351,1.1130123789498612,1.113189837952632,1.1139481769560007,1.114712013956705,1.1150880689583573,1.1160891779582016,1.117112184943835,1.1181611739402797,1.1185282559408734,1.1192883289377278,1.1202068089387467,1.121281448937225,
1.1221073359347429,1.1229403769320925,1.1241330549319173,1.1244323629316568,1.1255354249269658,1.1259802949280129,1.1266744279328123,1.1269533349341145,1.1272057459345888,1.1279439159316098,1.1287062529281684,1.1294675769195237,1.1304488739015142,1.1311185149052108,1.131422264905268,1.1317279029044585,1.1319133519082243,1.132368114908786,1.1325932179115625,1.133271477910057,1.1337157209027282,1.1343731199040121,1.1353563079037485,1.1356784879026236,1.1357763849027833,1.1360391619045913,1.1367137269044179,1.1370339269024043,1.137581436900291,1.1376926018983795,1.1381845549021818,1.1383688559017173,1.1395280249062125,1.1400973229092415,1.1403441649108572,1.141776116905021,1.1424554388977413,1.1425472388964408,1.1429004548963348,1.1434634778943291,1.14380217488997,1.1447474989008697,1.145759728896337,1.1461498648977795,1.1463876328962215,1.1471767768971404,1.1474197548968732,1.1477412058966365,1.1487378189067385,1.1555725949092448,1.1557722719107915,1.1560346529113303,1.1563308899103504,1.1566302279134106,1.1570027629140895,1.159646815920496,1.1610615339159267,1.1613767079161335,1.1617750169170904,1.1629879649171926,1.1642129049141658,1.164677283914898,1.1649455759197735,1.1659769269199387,1.1669591609143026,1.167090016918337,1.1684511709199796,1.1686797899228623,1.1688267059262216,1.1700977319242156,1.1706967199215796,1.170845549923797,1.1710988139248002,1.171875458922841,1.1730845099136786,1.174433647915066,1.174625788917183,1.1754395779153128,1.1758717049106053,1.1762379669080474,1.1764301879084087,1.176596316908217,1.1767909159079863,1.1770874539051874,1.1772728449050192,1.1782282599060636,1.179608598898085,1.180277506895436,1.1805360478938383,1.1806749058896457,1.1815531008987818,1.1816421248986444,1.1821131499027615,1.1824497919023997,1.1827960639038793,1.1829658449023555,1.18394785090004,1.1850925668904893,1.1855728868895312,1.1857068688850632,
1.1867688038882989,1.186868968887211,1.1872690048885488,1.188429588892177,1.1892291608855885,1.1903420598855519,1.1913754768793297,1.192465254884155,1.192928142884739,1.1930971878864511,1.1935173738802405,1.1951700758791048,1.196337972870424,1.197397952866595,1.198306477865117,1.198663478870003,1.1987638658720243,1.1988664408745535,1.1999511058747885,1.2000373148757717,1.2006248808766031,1.2013245698744868,1.2020429948779565,1.2024294338807522,1.2040283958876898,1.204231779888687,1.2048519918907914,1.2057225288917834,1.2067538328910814,1.2074215718930645,1.2077485888930823,1.208555793897176,1.2088538948964924,1.2092971758947897,1.2095041598922762,1.2098837068942885,1.2101134368913335,1.2103607508915957,1.2111489928902301,1.211287726890987,1.2124513188919082,1.2126510408916147,1.2133847018794768,1.2143058028741507,1.2157579258773694,1.2163021198703063,1.2168227168776866,1.2178596108824422,1.218014274883899,1.2183882038807496,1.219248927885019,1.220096395881228,1.2203733988762906,1.2218629658755162,1.22294344488364,1.2232485868853473,1.2242672798920466,1.2243936008917444,1.2246215078894238,1.2247229278882514,1.2248499058905509,1.2258868768958564,1.2269202038951335,1.2273028968947983,1.2282825478951054,1.2290168588979213,1.2291100758993707,1.2301190748958106,1.2312669068960531,1.231987153890259,1.2324934618918633,1.2331385838933784,1.2333513008943555,1.2334518418965672,1.2337623248904492,1.2344556678935987,1.2355297078993317,1.2362843548935416,1.237648780896052,1.2378751808964807,1.2382305378978344,1.2388136599047357,1.2391813239009934,1.239740617894313,1.2399777898945104,1.240473654894231,1.242189744888492,1.242419465886087,1.24261817988463,1.2431211868852188,1.2437294788805957,1.2441888838729938,1.2449509328698696,1.2453597458707009,1.2457249818726268,1.2463817388743337,1.2465467318716037,1.2473485548671306,1.2486124278593707,1.249653418847629,
1.2510229278468614,1.251363476842016,1.2515511248384428,1.251669020837653,1.2534080058430845,1.2544092428352087,1.25456045183455,1.2554328748365151,1.2556101788341039,1.2559095648311995,1.256759575826436,1.2568973208253738,1.2573165178200725,1.2578268848174048,1.258047331817579,1.2588271848153454,1.259215410818797,1.2601169668123475,1.2602729348100183,1.260545747809374,1.2619261118197755,1.2629230958091284,1.263543755810133,1.2639376548049768,1.2647002528110534,1.26491702281146,1.2659013048169072,1.2664218198178787,1.2674256148084169,1.2682788938027443,1.2684777078047773,1.2695576838023044,1.2699626688017815,1.2704194588013706,1.2707952798054976,1.2714909168034865,1.27198628280712,1.2727806368129677,1.2737842918113529,1.2740066218093489,1.2742200758057152,1.2744763808032076,1.275061626806746,1.2751957168075023,1.2754889268053375,1.2758230688114054,1.2767605478175028,1.277194325815799,1.2784144378183555,1.2792217318201438,1.2798652768224201,1.2801155938232114,1.2803393928215883,1.280783624819378,1.2810450858178228,1.2814033278154966,1.282141124816917,1.2824429998181586,1.282692409817173,1.2831778988165752,1.2834787258170763,1.2844479518316803,1.2858081858394144,1.2864478318433612,1.2867419208432693,1.2875663238382913,1.2886423348363678,1.2893852708393752,1.2899452718365865,1.2906667338374973,1.2917345988416855,1.2925695528474535,1.293127093846124,1.2934332898457797,1.2936229748456753,1.2955430168440216,1.2956770488435723,1.2961195858470091,1.2963438898477762,1.297408846837243,1.2978580488370426,1.2983831398350958,1.2986962058394056,1.2989515898407262,1.3000172558431586,1.3010792068444061,1.301613566848573,1.3024016298450078,1.3027197428446016,1.3031162008455794,1.3034502678474382,1.3039227708450198,1.30404955184531,1.3048920258461294,1.305235501840798,1.306311065844966,1.306410780844999,1.3072522658458183,1.3082254258479225,1.3084909138451621,
1.309390990844804,1.3096398268417033,1.310351115843332,1.311587876840349,1.311987855838197,1.3130365518409235,1.3134767648471097,1.3145620888453777,1.314690895842432,1.3160881028315998,1.3164412748346876,1.3165825548339853,1.318533001830474,1.3190160788326466,1.3193332018345245,1.3195513168348043,1.3206791048378363,1.3216564678341456,1.3255168498290004,1.3265163588312134,1.3268871708360166,1.3270374798394187,1.3276278598414137,1.327870324842479,1.3284518948494224,1.328973879853038,1.329274583858023,1.330295167857912,1.3305387468626577,1.3309507608655622,1.331111034864989,1.331238330864835,1.33136764086521,1.3321793638660893,1.3324282848707298,1.3336694298695875,1.3341494088654144,1.3342547378651943,1.334440795863884,1.335057883869922,1.3357739338644024,1.3368137828610998,1.3371557688615212,1.3374974568632751,1.338309930860305,1.3387245538624484,1.3392001758602419,1.3395130468607022,1.3396306108616045,1.3402465758581457,1.3412854948583117,1.342029793855545,1.3426335358499273,1.3436552248595035,1.3437791588594337,1.3442088928613884,1.3446495198577395,1.3452618868523132,1.3461715008488682,1.346482759848186,1.3471657278478233,1.3483993368517986,1.3491168098480557,1.3545256478510055,1.3556208148465885,1.3559977328477544,1.3570280558406012,1.3575128588390726,1.3578162628418795,1.3580073318435097,1.3581283488438203,1.3583185678453447,1.3586752198471004,1.3592313098433806,1.35957717384008,1.360311528845159,1.3606476678414765,1.3611045308371104,1.3618372188329886,1.3619001968327211,1.36436596983458,1.3654668758372281,1.3656029708345159,1.3668559988254856,1.3672204768299707,1.3683257398233764,1.3690217888224652,1.3697857588258557,1.3714266718343424,1.3720999648267025,1.3743953088287526,1.374932887828436,1.3754477528309508,1.3760455578276378,1.3761682418253258,1.376993173820665,1.3776408788189656,1.3785381518091526,1.3788369588110072,1.3792644178129194,
1.38070243680977,1.3811983608093215,1.38154699981078,1.3821548318082932,1.3828888108064348,1.3832615988076213,1.383750872811106,1.3843494428147096,1.3845805978171484,1.3847333288176742,1.384967769818104,1.3864373888163755,1.3865520138151624,1.3869018218110796,1.3884452277989112,1.3891497538015756,1.38956408480135,1.390035384800285,1.390307342800952,1.390751951803395,1.3909620818049007,1.391274611807603,1.3923184928062255,1.3926025148075496,1.3931527618069595,1.3934909398012678,1.3936921337981403,1.3944101527995372,1.395557954805554,1.3959444218062345,1.396854921805243,1.3970669658092447,1.3981131748078042,1.3986108648095978,1.399708118817216,1.4002976178180688,1.4004460838195882,1.4007341588194322,1.4009215078222041,1.4019544888187738,1.4021338228194509,1.4024455098178805,1.4027941128197199,1.4030056608189625,1.4033664348235106,1.4038095288251498,1.4045522158230597,1.4051822868259478,1.4057603048204328,1.4059722448209868,1.4061318588182985,1.4062794798192044,1.4072305658119149,1.4072929368112455,1.4079800278104813,1.4081249598084469,1.4083191248064395,1.4086813288085978,1.4093291428089287,1.4096169318099783,1.4098597478096053,1.4103030238056817,1.4110874578045696,1.4113569528026346,1.4115044368008967,1.4125702577912307,1.4126959947934665,1.4138557837850385,1.4144077777864368,1.41457799978798,1.4148301017839913,1.415034795782958,1.415292590784702,1.4156651247831178,1.4158953697806282,1.416923658779524,1.417570788780722,1.418070172782791,1.4184518387864955,1.4188383057880856,1.419152139788821,1.4204009717886947,1.4205346727885626,1.4212834377867694,1.4220897957957277,1.422998313790231,1.4238413607909024,1.4243723577910714,1.4245442937917687,1.4248015807925185,1.4254263307921065,1.425596680794115,1.4259039787984875,1.4259886837999147,1.4265432107995366,1.4266657007965478,1.4275737978005054,1.4279107997999745,1.42910004679743,1.4293071347992736,
1.4295893358021203,1.430611889807551,1.4320766818182165,1.4327205768131535,1.432957202815487,1.434011277818172,1.4341825168203286,1.4346604698157535,1.435199914810255,1.4356512578133334,1.438256784816076,1.4383970068165581,1.4392424748157282,1.4407030048178058,1.4413904468192413,1.4415865908176784,1.4427285928177298,1.4431731148224571,1.4436417108245223,1.444003896825052,1.4446272508266702,1.445708270834075,1.4469630758394487,1.4479120878377216,1.4485858708458181,1.448969050843516,1.4501984698408705,1.45034461884552,1.4514010338516528,1.4521564988490354,1.453157703845136,1.4543743398417064,1.4561550098433145,1.4567362298475928,1.4570605988492389,1.457723198847816,1.458872954846811,1.4594808988413206,1.4600383168417466,1.4606856218397297,1.460800497839955,1.4610521618396888,1.4611526318385586,1.462257967838923,1.4628461618394795,1.4638840788356902,1.4646324628429284,1.464959323842777,1.4661901418394336,1.4665452808412738,1.4671488988442434,1.4679818028489535,1.4696348348470565,1.4700698228489273,1.4705200928528939,1.4711207208529231,1.4718091028526032,1.4723268788484347,1.4725145498505299,1.4739420098558185,1.4742038088579648,1.4747136388514264,1.4748716618514663,1.4749945068497254,1.4755103428587972,1.4763443748524878,1.47739620086395,1.4781332908578406,1.478285681861962,1.4784798038617737,1.478570109861721,1.4796559108654037,1.4804574768568273,1.4821254618618696,1.48288509386839,1.4833273248668775,1.4839530538711188,1.4846534388771033,1.4847457508776642,1.4851184358813043,1.4857700018765172,1.4868439708743608,1.4879371648703454,1.488507485874834,1.4894189618771634,1.4901827248831978,1.491189846882662,1.4921704548833077,1.4923546418822298,1.49309660288327,1.4935996328804322,1.493915357881633,1.4945368998869526,1.4949432578914639,1.495244353889575,1.4955820668874367,1.4965527488866428,1.4970262138849648,1.4980857808805013,1.4983693608746762,
1.4998712218721266,1.5002192168758484,1.5008024628814383,1.501303627881498,1.5020850908822467,1.503075430880017,1.5035605138773462,1.5038464658809971,1.504415186881488,1.5047233268778655,1.5049392098781027,1.5050930708812302,1.505534498882298,1.5061183938778413,1.507299531876015,1.5084033698731218,1.5089467608768246,1.5096169938724415,1.5101299308735179,1.5103485288746015,1.510575539877209,1.5109205428798305,1.511872471888637,1.5159353028902842,1.5160600188919489,1.5164019188941893,1.5165817168926878,1.5167794158924153,1.5169118428912043,1.5182901218913685,1.519095239888884,1.5198563018875575,1.5218274928829487,1.5219563028813354,1.5221156668822005,1.5223921068809432,1.5228349788840205,1.5229982148821364,1.5240154038792753,1.5249084078823216,1.5258294258719616,1.5267875738782095,1.527476081885652,1.5280200358874936,1.528473704886892,1.5291424608913076,1.5306100698981027,1.530746912896575,1.5312437658976705,1.5319375058952573,1.5329689988966493,1.5339606458919661,1.5345029238924326,1.5350290408878209,1.5361485778930728,1.5389705698871694,1.539626935884371,1.5399383098865655,1.5401319448883442,1.5412319198803743,1.5414815208787331,1.5428257428793586,1.5429861588763742,1.5435795178736953,1.543883670872674,1.544204480874214,1.5449785438686376,1.5455100528697585,1.545848899871089,1.546375412868656,1.547290223863456,1.5474266128630916,1.5476147728631986,1.5479838968585682,1.548607009855914,1.548730387856267,1.5501487288629505,1.550475522859415,1.5509048498533957,1.5512828478558731,1.5519142088569424,1.553021791856736,1.5536204288591762,1.5537848498579478,1.5549262718541286,1.5560185278554854,1.5581166368401682,1.558229504837982,1.5589002638362217,1.5601182448344844,1.5606924788335164,1.5609716558328728,1.5683436008266654,1.5684500868255782,1.5688559528225596,1.5691138128286184,1.5693231418244977,1.570332962829525,1.5711461668252014,1.5720017698249649,
1.572402142825922,1.5727373148292827,1.5748391268325577,1.5754747038281494,1.5757637348278877,1.5766472658224302,1.5768040378197838,1.5772178578226885,1.5777594438250162,1.5779461468264344,1.5794582568296391,1.580070561827597,1.5810387518295101,1.5823799498348308,1.5830489418322031,1.5836818458319613,1.584386227824325,1.5853367348263419,1.5856097568321275,1.5864932318345382,1.5871237988394569,1.5878036338390302,1.5887922638403325,1.58975457784436,1.589879515845496,1.5900799428472965,1.5902195558446692,1.5905704568476722,1.5912381618481959,1.5922288268466218,1.5927163888491123,1.5937733698447119,1.5939967538452038,1.5942871418428695,1.5951968608505922,1.595655146849822,1.5963593668529938,1.5972175418446568,1.5974140038406404,1.5976437848376008,1.597914468839008,1.59864750883753,1.5994304938412824,1.5995699218419759,1.6005889508451219,1.6013252788443424,1.6018994148489583,1.6021967808519548,1.6028438468529203,1.6034374598475551,1.6043025028420743,1.6052871808369673,1.606241158830926,1.606805222827461,1.607147861822341,1.6078309578224435,1.6081525678218895,1.6095493158054524,1.6098466058037957,1.6104987468024774,1.610761870800161,1.6109292378032478,1.611358713800655,1.6115644377996432,1.6129921738047415,1.6135920308051936,1.6139853418044368,1.6146212498078967,1.6153955448080524,1.618297181809794,1.6184814878115503,1.6187117388126353,1.6194567208058288,1.6205394088074172,1.6207918008085471,1.621794471803696,1.6220395028012717,1.6222392278014013,1.6223601668034462,1.6227524658024777,1.6230405948053885,1.6241399748032563,1.6242665008048789,1.6250764338046793,1.6257316338105738,1.6258314108117702,1.6260639478141456,1.626157184812655,1.627526283809857,1.6276831918103198,1.6283745778073353,1.628474797808849,1.6297638078058299,1.6300665468070292,1.630343906807866,1.631335746802506,1.6315838488008012,1.6321559797997907,1.6332273097978032,1.6333482917971196,
1.6337651717967674,1.6341694007933256,1.634307115795309,1.63470566779597,1.6349850277974838,1.6361753628043516,1.6391621217999273,1.6394430377995377,1.639687708800011,1.6402270458002022,1.6408787628033679,1.641176234800696,1.6418884178037843,1.6421753408039876,1.642343730808534,1.6428676568084484,1.6435991468051725,1.6437135438063706,1.6440052198058765,1.644664031805405,1.6456031338020694,1.6470868197957316,1.6472117657931449,1.6478213307909755,1.6480804167922543,1.6482302847953179,1.6490519877934275,1.6495200998024302,1.6497698648026926,1.6502630398090332,1.6503964668081608,1.6510630848115397,1.6513256578118671,1.6515365088152976,1.6517789858116885,1.6519758538124734,1.6525455008131757,1.6526642708131476,1.65280298781272,1.6545921238030132,1.656349237789982,1.6566506137878605,1.6567802607869453,1.6578817157915182,1.6579910547907275,1.6582639517910138,1.6583678597917242,1.6589435247906295,1.6592389487859691,1.6594373217885732,1.6597131827884368,1.6600050787892542,1.6603439727869045,1.6616033137834165,1.6618298527819206,1.6624337637840654,1.663511261783242,1.6636570917844438,1.6649534447806218,1.666099183782535,1.6665472377853803,1.6675619567886315,1.667915395792079,1.6690517127944986,1.6693775817911956,1.6697825067913072,1.6700030207939562,1.6704575157891668,1.6711898857893175,1.6719354727856626,1.672139009784587,1.672556864786202,1.6736575177901614,1.6740866127911431,1.6751182677890029,1.6757878427915784,1.675939130790539,1.6776697157938543,1.677816853794866,1.6789190227946165,1.6790915257943198,1.6798351157985962,1.6803544547974525,1.6885967417993015,1.6897832257964183,1.6899702057980903,1.6914965027981452,1.6922085407923078,1.6926026137962253,1.6929730807996748,1.6930752507996658,1.693221967799218,1.6939442497869095,1.6949608647864807,1.6951064757859058,1.6957002697818098,1.6963542467838124,1.6980945547784358,1.6982429797781151,1.6986525767806597,
1.6993452167771466,1.7000406487677537,1.7023805587687093,1.7031247557724782,1.704069228773733,1.7050888507774289,1.7057729637735974,1.7063723587752975,1.7065251037747657,1.7070292437765602,1.707312341773104,1.7083466267758922,1.7087331147749865,1.7090654907760836,1.7092605977768471,1.7099931157817991,1.7102621617877958,1.710779581789211,1.711025917788902,1.7112249527881431,1.7123372427895447,1.7130476317879584,1.7136549487840966,1.7141578487862716,1.7150349747944347,1.7151956637972035,1.7156746257987834,1.7165678207975361,1.7172945787951903,1.717449101796774,1.718344782792883,1.7189020647838333,1.719581436779663,1.7206348227728085,1.7210931707713826,1.7216665297701184,1.724009977762762,1.7241455527628204,1.7245565577577509,1.725656114760568,1.7266385227603678,1.727651917759431,1.7287648887659088,1.7291207017660781,1.729449595763981,1.7302778067578402,1.7307857007608618,1.7313600177576518,1.7316711707590002,1.731790793759501,1.7319048967583512,1.7320443447606522,1.7338821947605538,1.7349932067645568,1.7357397867644977,1.7367872677696141,1.7373097817671805,1.737869176768072,1.738885093767749,1.739535887767488,1.7404199977600001,1.7407281537616655,1.7418520827704924,1.7424060517705584,1.7432018727713512,1.7440789407664852,1.7445578397600912,1.745506555758766,1.7456061147595392,1.747040846757045,1.7475945447504273,1.7478085607544926,1.7487842677601293,1.7488772777605845,1.7491488337554983,1.749427292753353,1.7504799367452506,1.7506277767452048,1.7509989547424993,1.751298209746892,1.7521558147491305,1.752607481747873,1.7529552977539424,1.7533494147546662,1.7541135307592413,1.754451289757526,1.7548637497584423,1.7550680567564996,1.7562695837514184,1.756552199748512,1.7566687497501334,1.75759778475458,1.7577461687515097,1.7583291287546672,1.7593091207600082,1.7596059277548193,1.7602106367503438,1.7607195557484374,1.7613809277463588,1.7638137567464582,
1.7652055577464125,1.7660111527438858,1.7670721867461907,1.7678099037430002,1.7681521347431044,1.7683662257431934,1.7686614197418749,1.768852115741538,1.7692425027425998,1.7696538727404914,1.7713514247416242,1.7719041527398076,1.772625391740803,1.7739892947392946,1.7742410747396207,1.7747957357360065,1.7749788857345266,1.775545069740474,1.7765036777464047,1.7769785897417023,1.7770755107412697,1.7782594167374555,1.7784152547410486,1.7797080817408641,1.780870517740368,1.7817477247435818,1.7818419317418375,1.7829129277506581,1.7832781137485654,1.784000161752374,1.7842182697513636,1.784440925753188,1.7850405407607468,1.7856812357640592,1.7865224547549587,1.787010233757428,1.7891664927547026,1.7893429467576425,1.7901816337580385,1.7908267017583057,1.791248296761296,1.792391548768137,1.7928253017662428,1.7931597967690323,1.7932976367683295,1.7934410777688754,1.7944028397705551,1.7950158697722145,1.7951748117739044,1.7953894387728724,1.796978820775621,1.79750841677469,1.7978784097704192,1.7980382667728918,1.7995589827669392,1.7997390427708524,1.8008343907767994,1.8011869357778778,1.8023512797835792,1.803110117784854,1.8038314697832902,1.8045158957838794,1.8050015437829643,1.8051922617814853,1.805567603784766,1.8064517777911533,1.8067749207939414,1.8080417657865837,1.8087233897840633,1.8097399457783467,1.8108266577737595,1.8115086717698432,1.812924243773523,1.8135722597680797,1.8137858747677456,1.814069893765918,1.8151892857677012,1.8158824797728812,1.8165689197703614,1.8166728857668204,1.8169582587715922,1.817131385769244,1.8181590917702124,1.8186425027697624,1.8189097947670234,1.8195388457643276,1.8200831957638002,1.8204812647672952,1.821061807762817,1.8220527247658538,1.8225392707690844,1.822701199770563,1.823085282766442,1.8232379537657835,1.8238256367685608,1.8244237417648037,1.8245287557647316,1.8248397817633304,1.825458135761437,1.8256804357606597,
1.826286053763397,1.8270004397654702,1.8273712427589999,1.8283389377520507,1.8295102877564204,1.8302952327494495,1.8307843477514325,1.831285574751746,1.8314650237498427,1.8324472687472735,1.8327739767428284,1.8338941347456057,1.834404802744757,1.834570703746067,1.8355046497372314,1.8361246537360785,1.8370748257348168,1.8382366927417024,1.8389816387471,1.8391068777473265,1.8392675637487628,1.8400757407462152,1.8413305317617414,1.8427591387653592,1.8445401737571956,1.8446667587577394,1.8449936577562767,1.845708221755558,1.8468308827605142,1.8485923787566207,1.8495960017489779,1.8505890677552088,1.8515070897492478,1.8521510127502552,1.8528415087448593,1.8532781697467726,1.8534501247449953,1.854815274739849,1.855158039737944,1.8556018997387582,1.8560504107445013,1.8569715767371235,1.8577920257375808,1.8592025707393987,1.8597063197375974,1.8608187207410083,1.861140437738868,1.8612329307379696,1.8616935437412394,1.863046151744129,1.8648775597448548,1.8655344937469636,1.867298458746518,1.8676768307514067,1.8683495077484622,1.8691545417441375,1.8704202037361028,1.8706015627367378,1.871030688736937,1.872047709738581,1.8724429157327904,1.873410214731848,1.8736461617299938,1.875135912724545,1.8754859717255385,1.8756933087224752,1.8766544597174288,1.8769328317166583,1.87735262771821,1.878217125710762,1.878763431711377,1.8794157047141198,1.8798524127078053,1.8803200277070573,1.8806161577094826,1.8810004517063135,1.8811160737068349,1.8817815227030223,1.8826858987040396,1.8834188777018426,1.8841909507027594,1.884640487703109,1.8850446627038764,1.8855102607039953,1.8857738957040056,1.886134521701024,1.8870344587012369,1.8879804157013496,1.888762504706392,1.8895125517046836,1.8911702587129184,1.8915441427161568,1.892686140729893,1.89334289373528,1.8934934427370536,1.8945396077333498,1.8949246187285098,1.8953559807259808,1.896080747722408,1.896581642727142,
1.8970315177257362,1.8983198987289143,1.8985818957271476,1.8990974787266168,1.900184024729242,1.900298856730842,1.901345311728619,1.9016857237329532,1.901890723730503,1.9020411107294422,1.9024841437303621,1.9032296227314873,1.9036297837310485,1.904062987733596,1.9044964897366299,1.9053952427402692,1.906502987735621,1.9069936797332048,1.9072789277333868,1.907674184728421,1.9079565797319447,1.9091602047310516,1.909372432732198,1.9096668327274529,1.9103879507329111,1.9107361117312394,1.911131683732492,1.9113339177320086,1.9115577707289049,1.9123216607295035,1.9126908147300128,1.914884390726911,1.9164983257223867,1.917599293724379,1.9178039357229864,1.9186513787117292,1.9199537047106787,1.9206001407119402,1.920786852713718,1.9213247527059139,1.9222365867108238,1.9225259457080028,1.923460065708241,1.9245754577023035,1.9249593567037664,1.9251748017013597,1.926110924700879,1.9263386137017733,1.927067465698201,1.9271647626983395,1.9285291397054607,1.929040981705839,1.9292182257049717,1.9303685707145632,1.930571055713699,1.9308948657162546,1.9317973707120473,1.9328668807029317,1.9331560317023104,1.933422400697964,1.9347141887010366,1.9352176506963588,1.935532288702234,1.9356930857020416,1.9358440677024191,1.9369822667013068,1.9372607596988018,1.9375285906980935,1.9376287966979362,1.9380407577045844,1.9384416707116543,1.9388497107065632,1.939191604705229,1.9395402447098604,1.9405122156995276,1.9413163946910572,1.9423482096899534,1.9428830096912861,1.9441449946898501,1.9443473446899588,1.9448626706935102,1.9460974276844354,1.9471969036767405,1.9497320586770002,1.9511285226762993,1.951634789673335,1.951836436674057,1.9521349116776037,1.9530566056837415,1.9534326306848016,1.9537228676863378,1.9546432956840363,1.9556601326867167,1.9562993456811455,1.956489954681274,1.9572075256874086,1.958077869693625,1.958759183688926,1.958925903688396,1.9596553516848871,
1.9612083806878218,1.9615497986833361,1.961717666682489,1.9620688106842863,1.9633491156719174,1.9635766626743134,1.9637540786743557,1.9641685596761818,1.9646091196782436,1.9650245686761991,1.9661092096757784,1.9665366586814343,1.9667250766851794,1.9670649766840143,1.9672656196835305,1.9675743476864227,1.9685503666851218,1.9693995646848634,1.9697788886796843,1.970350803680958,1.9709756666798057,1.9711604106796585,1.9728386656806833,1.9734865716827699,1.9736952676803412,1.9747906696793507,1.9761158826768224,1.9763043996827037,1.9771382686813013,1.9778373816898238,1.9784072906950314,1.979116413700467,1.9792696407030235,1.9797993867023251,1.9800642647096538,1.9810845237116155,1.982130953718297,1.9825508447165703,1.9827584847189428,1.9832534217175635,1.9837660117173073,1.9840238897149902,1.985076148720509,1.986149431711965,1.986530710709303,1.9876288346995352,1.9877266627008794,1.9880037537013777,1.9882516617053625,1.9885991977098456,1.989929588711675,1.990604387714484,1.991111857711985,1.9921388277107326,1.9926813777101415,1.9934642447069564,1.9937869517034414,1.9944422137032234,1.9948901327015847,1.9962154846971316,1.9972605917091641,1.9977647947134756,1.9981034107158848,1.9991912797140685,1.9994447677145217,1.9997901947117498,2.0002000757140195,2.001275836702007,2.0024746967083047,2.002834447714122,2.004234477712089,2.0052614687174355,2.0058402507120263,2.0074180497140333,2.008799460719274,2.0089605287184895,2.009597600717825,2.0097645537143762,2.0098597667138165,2.01028179570676,2.010606164706587,2.0117075937087066,2.0122499637072906,2.013162350706807,2.0139007567076987,2.0143853227073123,2.0147175347092343,2.0151855267131396,2.016780657723757,2.0173051817273517,2.01830224772948,2.019307145721541,2.019594442721427,2.020606799719644,2.020921891713442,2.021115401714269,2.021779667717965,2.0221200277201206,2.022358686721418,2.0234322417190924,
2.023705461720965,2.0247472337250656,2.0248613187259252,2.0260578497145616,2.0269938957144404,2.0273601257149494,2.0281575937142406,2.0284105087139324,2.0290650327060575,2.0291765827032577,2.0293807327025206,2.0297695687004307,2.0301105997004925,2.030373184702512,2.0310934927001654,2.031390586697853,2.0315123266991577,2.0323268347028716,2.0328315697042854,2.033888481709255,2.0341411117105963,2.0344121797115804,2.0349570287116876,2.035056565711784,2.036462575706537,2.0374910407072093,2.037623391706802,2.039027666714901,2.0400527767033054,2.041371713706212,2.041741950704818,2.042492916705669,2.042981258706277,2.043149217703103,2.0442140096929506,2.044520421690322,2.045234500685183,2.0454746046880246,2.0460198366854456,2.046586834683694,2.047258817684451,2.0478609276869975,2.0483311416846846,2.0497794676839476,2.0507891106817624,2.051545509681091,2.052579712682018,2.052832624685834,2.0538203366877497,2.0540811926839524,2.0544787256794734,2.0555700556642478,2.0557490386618156,2.0558588536605384,2.056160458658269,2.0565488006550368,2.05861746665596,2.059303631656803,2.0602682046537666,2.060956575654018,2.062123236651132,2.06278938464402,2.063312751643025,2.0636717086435965,2.064082788646374,2.0644792436405623,2.064883803637713,2.065348159639143,2.065747879637456,2.0660665636341946,2.067076425631967,2.067356873632889,2.0678070716348884,2.068047800637032,2.0683971446360374,2.0689169526394835,2.069215762639942,2.0693106466378595,2.070665970635673,2.0709311256341607,2.071014645634932,2.0717063186339146,2.0720524036305505,2.0725779566319034,2.0727606966329404,2.0730620246331455,2.073215498634454,2.0740979156298636,2.074976781627811,2.075247662624861,2.0757358836199273,2.0763598756238935,2.076518963624949,2.07708389463005,2.078145227632376,2.079145869635795,2.07957610864014,2.079740732639948,2.079810809641458,2.0810916316368093,
2.081266334637803,2.0821782466337027,2.0840198176319973,2.0849743646303978,2.0851813816325375,2.0859857106288473,2.087534118617441,2.087748874621866,2.0879546046217,2.0885966216264933,2.0898884586313216,2.090064326630454,2.090362404633197,2.0913175966279596,2.0918225856275967,2.092218369631155,2.0924288336345853,2.0930161966325613,2.0932137526333463,2.093818046636443,2.0944877406409432,2.0947931136388434,2.0950597546379868,2.0956812556369186,2.096153625637271,2.096764660633198,2.0970588466288973,2.097808064626406,2.09884914462873,2.099455612624297,2.1000125906221,2.1011413976275435,2.1019840056314933,2.1022030346321117,2.102557320629785,2.103411009622505,2.10382969062357,2.1045572136272312,2.105259835621837,2.106069596627094,2.106306573625261,2.1067789386233926,2.106982856626928,2.107328435628915,2.1085153836238533,2.109171387628521,2.109943323626794,2.1104012076220897,2.1104735676208293,2.110702706620941,2.1113265256180966,2.111833653614667,2.11226627461474,2.1126274796106372,2.1129850126144447,2.1132344676125285,2.1134784476098503,2.114302980615321,2.114750936614655,2.115142026614194,2.116615451611324,2.116864764617276,2.1180137436249424,2.1183332126274763,2.1191648246322075,2.119389755634984,2.119584307635705,2.1201176836339073,2.120836356632026,2.1209092286326268,2.1216962596290614,2.122191987629776,2.1233029576224,2.12404387762399,2.124265483625095,2.1246772466238326,2.1256067626245567,2.1259959606259144,2.126256534626009,2.1264588466228815,2.1276587256279527,2.1287493016307053,2.1291296706313005,2.1296444906356555,2.129925383634145,2.130205504632613,2.1304584836288996,2.1314038936270663,2.1314730966305433,2.132702909641921,2.132928738643386,2.133990759641165,2.1341960746403856,2.1343339176373775,2.1347785206353365,2.1353261096364804,2.1360365896289295,2.1367128716365187,2.13683386363482,2.138281065637784,
2.1383898096382836,2.139506372645883,2.140136626642743,2.1404925816359537,2.1407664676353306,2.1409853086370276,2.1415560746381743,2.142805495637731,2.1436376936298984,2.1438294236349975,2.144007047636478,2.14687265863995,2.1469803936388416,2.1475982546517116,2.1479052946497177,2.1480656416524653,2.1483503156478037,2.1484629466467595,2.1493901436479064,2.150395785642104,2.1506255746426177,2.151221553643154,2.1518122316419976,2.152198547650187,2.15336767964709,2.1539010316428175,2.154593827638564,2.1552320306373076,2.15601912863076,2.1565798246328995,2.1575401976297144,2.1576644946335364,2.157930843633949,2.1583507396353525,2.158991995633187,2.159596317636897,2.1602809056421393,2.1604408396442523,2.160819849644213,2.1614618226476523,2.162050966643619,2.162460174640728,2.162672191641832,2.1628701276413267,2.1630756596459833,2.163174435646397,2.1644145246464177,2.164643173645345,2.1647615726469667,2.1651517436457652,2.165599427649795,2.165782171646242,2.166784196657318,2.1674105316624264,2.167508912663834,2.1682212526648073,2.1688904816737704,2.169148326672257,2.1697359066729405,2.170123615674129,2.170439705672834,2.170721366671387,2.1719481116724637,2.172615166671676,2.174027821670279,2.174310968669488,2.174976175670963,2.1751999416692342,2.175815159672311,2.1759185076716676,2.1766182146702704,2.1768306006670173,2.177639918665591,2.178510306671342,2.1787315826677514,2.179050663666203,2.179420707668214,2.179657377669173,2.1802783206658205,2.180483033668679,2.18064055467039,2.1820156086814677,2.182117118682072,2.1831817276852234,2.1841204916900097,2.184925143689725,2.1850094466881274,2.1861098686895275,2.187021407685279,2.187402336681771,2.1883662406835356,2.189417534680615,2.190456668680781,2.1913908516926313,2.1916247796871176,2.1926883866881326,2.1932367986901227,2.1937529786919185,2.1943769556919506,2.1949367916913616,
2.196509511689328,2.1976200276876625,2.198293369689054,2.198888646685191,2.199237098685444,2.1999159866800255,2.200928483673124,2.2015093666786925,2.201784255678831,2.2029581986880657,2.203191403690653,2.2042292996948163,2.204381463694517,2.2059984886936945,2.206320885695277,2.2068798806967607,2.20803308270024,2.208200693696199,2.2082961576952584,2.2095189606843633,2.2096989896845116,2.210775059696971,2.210885061699628,2.2112983087026805,2.211964906706271,2.2120676767062832,2.212252380706559,2.2127330447065106,2.213169950705378,2.2133196867025617,2.2135325797053156,2.2149916367052356,2.2151821367033335,2.215316216703286,2.2163834257025883,2.216781091707162,2.2178663217073336,2.2190629007081952,2.2198917487085055,2.221172815706268,2.2214583657078038,2.2218126597126684,2.2223842307148516,2.223296348711301,2.2238424817105624,2.2241510187159292,2.224260063717338,2.224612334716767,2.2254216047131195,2.225952775717815,2.226992473718383,2.227249264718921,2.2274553397210184,2.227872104718699,2.2282517027197173,2.228612855718893,2.230174234723563,2.230474041715752,2.2305883237140733,2.2313381937146914,2.2323657277111124,2.2417558237093544,2.241881796708185,2.2422926277122315,2.2424832097140097,2.242722737708391,2.2431113387137884,2.24331960771633,2.2445589597164144,2.244794979716062,2.245182542713337,2.2455015057139462,2.2458161927188485,2.2468164557167256,2.2471103157158723,2.2473446517133198,2.2480745937136817,2.249471562711733,2.249805854708029,2.2509961287159967,2.251298323717492,2.252659468716047,2.2537355287149694,2.25389211271613,2.2543551197177294,2.255432673720861,2.256493914719613,2.256803536715779,2.2569849417159276,2.257672032714254,2.257877984707193,2.2582512247072373,2.2585101347085583,2.2591310927118684,2.2602912947195364,2.2605153997174057,2.261031339717192,2.2622259757145002,2.262425203715793,2.2625509407171194,
2.263072300714157,2.263256728710985,2.2637484177121223,2.2639207307092875,2.264755189698917,2.2651560106987745,2.2656317007022153,2.2661744067036125,2.2667940727051246,2.2671907727062717,2.2676110497122863,2.267788697711694,2.267902391710777,2.268070521710797,2.2684634027127686,2.2687240077157185,2.269463968720629,2.270397123719704,2.2705464187156394,2.271653471724676,2.2725733357328863,2.272965553733229,2.2732290617313993,2.274052189728536,2.2743757237249156,2.274981263725749,2.2753074237289184,2.2756937137264686,2.2764960947270083,2.2765928527269352,2.2773525847278506,2.277766497725679,2.277875354727257,2.2780572197270885,2.2782974777264826,2.2796116157214783,2.2797292217201175,2.2798508557198147,2.2799460687219835,2.2801574707200416,2.280929125719922,2.2810573757178645,2.2814187427193247,2.2820037387209595,2.282424406719656,2.283477153725471,2.284385341728921,2.2856838127327137,2.2862136597323115,2.286937064722224,2.287108268720658,2.2875757687170335,2.2886393337184927,2.289020141720357,2.2893232007199913,2.2894450947196674,2.2895370337191707,2.290119250718817,2.290477663715137,2.2910108057185425,2.2918012697191443,2.292162428722804,2.2928407747267556,2.2941863157302578,2.294834024730335,2.2949861597317067,2.2951230317330555,2.2961207237358394,2.2966678457432863,2.2971964507423763,2.2979652927406278,2.2980487447402993,2.299057584737966,2.2996971027414475,2.300867763739916,2.3012647707355427,2.3017574497334863,2.301943147735983,2.3020525807351078,2.302185724734045,2.3027885447381777,2.303255846738466,2.3038835457418827,2.304707847746613,2.3048459167457622,2.3060183777479324,2.3063406397468498,2.3067090177464706,2.3076465657422887,2.3085311157483375,2.309252950746668,2.30947151674809,2.3097821577484865,2.310225507750147,2.3106313967509777,2.3110456457516193,2.3111382537499594,2.311722937745799,2.3122599487451225,2.313419504744161,
2.313950844744795,2.3140599817425027,2.314956546740177,2.315227601739025,2.3156856507384873,2.3174641197301753,2.3177331997321744,2.3187454297249133,2.3191848707274403,2.3203281577243615,2.3208438037218,2.3217229357223914,2.321903682723132,2.322230571727232,2.322574721726596,2.3232597007354343,2.3243382527343783,2.3248994087316532,2.3254492257283346,2.332348175719744,2.332945570720767,2.333574898721963,2.3340763857222555,2.3370048797178242,2.33809358171402,2.3386503727142554,2.339188423712585,2.3418390687156716,2.3429760927037933,2.344075875703311,2.3451347727032044,2.34601701270185,2.346583752701008,2.3475840266974046,2.34843564970015,2.3494441246984934,2.3504532206961812,2.3507023006950476,2.350811103695378,2.350951016696854,2.3510589366951535,2.3512165056936283,2.351421358697735,2.352727344694358,2.3531978666933355,2.3536802746984904,2.3537953146978907,2.354640864691646,2.3559434616918224,2.3571508746836116,2.357528864683445,2.358688417679332,2.359867348680382,2.3601434996826356,2.360521883681031,2.36086869168048,2.36139137268583,2.361774658686045,2.3623183406843964,2.363315317683373,2.3635254936871206,2.363891863687968,2.364072676687101,2.3644734916879315,2.364731748691156,2.3655117156913548,2.3657455546881465,2.3661221216871127,2.3666330546802783,2.3667352906813903,2.368271461678887,2.3687614856798973,2.3695549086796746,2.3707800166757806,2.3714865056826966,2.3723904996841156,2.3725748086817475,2.3727026906808533,2.372987060682135,2.373224922683221,2.3744054156868515,2.3754469346849874,2.3756658536840405,2.376068238678272,2.3770489836742854,2.3780664776686535,2.3782679576715964,2.3784653936700124,2.3791043536675716,2.379381048666801,2.380523428667402,2.380721415669541,2.3814008466652012,2.3816490626722953,2.3817323106713957,2.3825777116690006,2.3829594376684327,2.384049593666532,2.38463679866436,2.3850829696602887,
2.385962942662445,2.386812141669907,2.3872875566694347,2.3877353056668653,2.389376829667526,2.392527063673697,2.3936327496639933,2.3937973756628708,2.3944663596585087,2.394691752657309,2.39569922265855,2.3959821846538034,2.396422650654131,2.3970084316470093,2.39741024164141,2.3976837586424153,2.3988059766443257,2.399496405643731,2.39980965164159,2.4008865026335116,2.4012963906334335,2.402974282631476,2.4053608986232575,2.4066746506223353,2.4071151376228954,2.407715369626203,2.4078675876262423,2.4088059076329955,2.4089600926345156,2.4104826056391175,2.4115497696338934,2.412038204633973,2.4121435796323567,2.412667534632419,2.412832961631466,2.4140911406384475,2.4145269166401704,2.415379650642535,2.4156451546396056,2.4158246256392886,2.415975899640216,2.4170090726429407,2.4171298216442665,2.4176583776461484,2.4178347476445197,2.4183274006436477,2.419388223643182,2.4197762586372846,2.422505562635706,2.423563693635515,2.4239080956331236,2.4247801786332275,2.425516908632744,2.4256236436312975,2.426397981633272,2.4270290176282288,2.4275020346276506,2.4280856906270856,2.428387881629533,2.4298977876314893,2.4300277526299396,2.430302362630755,2.4313301676229457,2.431556047621598,2.4318587436200687,2.4328485706209904,2.433122822622863,2.4334733536197746,2.433604448621736,2.434047239626125,2.4341545056258838,2.4351690076300656,2.4358821746354806,2.436089752634871,2.436356521635389,2.436574671634844,2.436753894634421,2.4374065276342662,2.437668304636645,2.4389881056413287,2.44001111164107,2.440967837640528,2.441980018639697,2.4420858276398576,2.442810073632245,2.4432782786416283,2.444364786647384,2.446961623650168,2.447119763650335,2.447347214650108,2.4478153826457856,2.4495814936490206,2.450116192655514,2.450817993648343,2.452314601643593,2.452721240644678,2.453635773644237,2.454636542645858,2.4551027536444963,2.4560911786375073,
2.4566287226380155,2.4571584366412935,2.4579551506394637,2.4584390256413826,2.4588965866450962,2.459139446642439,2.459443798645225,2.4597514076440348,2.4602349336464613,2.4606247836454713,2.4611371166502067,2.4625480036493173,2.463589825647432,2.4640412026474223,2.4647827066455648,2.4654874676480176,2.4658009256490914,2.4660991366508824,2.4662744206498246,2.470841351649142,2.472088184641507,2.4727503566391533,2.4732246516396117,2.4734076186396123,2.474012329639663,2.474361597639472,2.4755669326359566,2.476235220637136,2.476347608636388,2.4766429636338216,2.477233082639941,2.4773573486409077,2.4776117596429685,2.4780841376432363,2.4785217446406023,2.479635702642554,2.4797576806431607,2.4800163526406322,2.4805420126476747,2.4815045756413383,2.4819391806413478,2.4822730936402877,2.4834303716461363,2.4842111476418722,2.4844350936409683,2.485154473642069,2.485328739642682,2.4857380676430694,2.4859100246421804,2.486144087643879,2.4871406856436806,2.4879619026442015,2.4882359166467722,2.4892256486455153,2.4902245376515566,2.490396440652148,2.491287670651218,2.4917767246561198,2.4929510066567673,2.493661061651437,2.4947438316539774,2.4960357316504087,2.4964529466506065,2.497710110654225,2.4980497646556614,2.4994098036495416,2.499659126646293,2.500234641649513,2.5007468336507372,2.500909708648578,2.501242986647412,2.5017832046523836,2.5019035256509596,2.502203050652497,2.5030710806531715,2.503357887655511,2.5035441006566543,2.504660084649913,2.505194395653234,2.5057627606511232,2.5059799316522913,2.507162980650719,2.508395176648264,2.5086414346442325,2.5102675386415285,2.5111106246422423,2.51156805964456,2.512370662642752,2.5126201686398417,2.5128404526421946,2.513603865641926,2.514654551635431,2.515652998647056,2.516237911647295,2.516445901644147,2.5165862016465326,2.5167230886445395,2.517494538649771,2.517739223647368,2.518064380647047,
2.5186150786485086,2.5190645876473354,2.519793381647105,2.520606495647371,2.5209837216443702,2.5214535406448704,2.521864479646865,2.521965547646687,2.5236242256405603,2.523924268642986,2.524751900645242,2.525362327640323,2.5257906456363344,2.5269008036448213,2.5279171566407967,2.528194816645737,2.5287046766416097,2.529758546635094,2.5300964186353667,2.5304101596357214,2.53078865963289,2.5338026856325087,2.534079128632584,2.5342422946323495,2.534587710640153,2.534757592643473,2.5355819956412233,2.536716348644404,2.539102395648115,2.539198588648105,2.5402536576502825,2.540674360651792,2.5409382106518024,2.5417606196497218,2.5421249976461695,2.5431565926473922,2.543735035647842,2.551971551644783,2.5520872166453046,2.554505512644937,2.5555618856487854,2.5562253826483357,2.5574918526490364,2.557743234647205,2.558934947655871,2.5601157426526697,2.560587020656385,2.5615578366514455,2.561732855650007,2.5622093416504867,2.5629283466478228,2.564198270652014,2.565068500650341,2.565548130651223,2.5657502866497452,2.566140994653324,2.5665452396524415,2.5667069456530953,2.5670441506526913,2.567558434648163,2.568569869649764,2.5687775396509096,2.569127987657339,2.5704129676596494,2.5705393786602144,2.5712846776559672,2.5719556656549685,2.5723647036566035,2.5739063596638516,2.574457224664002,2.575496408669096,2.576306037665745,2.576470651665659,2.576612899664724,2.576980575659036,2.577269380657526,2.577352705656267,2.578116797655639,2.5782087716561364,2.579019019658517,2.5801352466505705,2.5802350766525706,2.580435023656719,2.580756666655361,2.581821739652696,2.5823968486520243,2.5831209226498686,2.5836582456458927,2.583862789644627,2.5845775296465945,2.584697590646101,2.58542852365008,2.585677596649475,2.5871568966495033,2.588019327643451,2.588129083642343,2.588827623650104,2.5902927296565394,2.591398577653308,2.5918169226561076,
2.592869289654118,2.5931111936542948,2.5934689846571928,2.5940644416486975,2.594677875650632,2.5953410746460577,2.596004221650219,2.5962014856531823,2.5965101246592894,2.597096988660269,2.5973817026597317,2.598156461663166,2.598773577661632,2.5991850566606445,2.6001917766579936,2.600976142662148,2.6012696936641078,2.601921868664249,2.6025445826562645,2.6026177416551945,2.6030226106558985,2.6038514456558914,2.6041661496592496,2.6048038976541648,2.6066180496509332,2.6070359216519137,2.6085888266561597,2.609524841662278,2.6104918376640853,2.6151775646649185,2.6154125156663213,2.61613120466518,2.61646707066393,2.617337823665366,2.6182848686676152,2.61928916866691,2.6205446746607777,2.6208013746581855,2.621323109658988,2.6220241436558354,2.6221612906547307,2.623216483652868,2.62346579764926,2.6244916916502916,2.6254887406421403,2.626269643644264,2.6271286506462275,2.6275263116467613,2.6278238046470506,2.627984050645864,2.628352684643687,2.628546059641849,2.6287480626433535,2.629786422640791,2.6299693556384227,2.6301725176399486,2.6313707706422065,2.632379386633147,2.633433671633611,2.6345685456344654,2.6356025476334253,2.636756639637497,2.6371162376372013,2.6373809296383115,2.6384237016391126,2.6389032356401003,2.6397658506366497,2.639862492635075,2.640303229632991,2.6404727146345977,2.641531913628569,2.6421501896275004,2.643048311626444,2.643869582630032,2.644037228628804,2.6443745016267712,2.6448952596274466,2.6451822526314572,2.6454858156312184,2.646299740629729,2.647752925628083,2.6480504966293665,2.6482404586304256,2.64861702163671,2.6498597126383174,2.6514840006348095,2.6518319956339838,2.652091676629425,2.652243932628153,2.6525790046280235,2.6531089866321054,2.653432906627131,2.654165131627451,2.655268261634774,2.656437361634744,2.657322936627679,2.6577620476291486,2.659042123632389,2.670909565630609,2.671431870629931,
2.672517655631964,2.6725894046339818,2.6737704366387334,2.6739959496380834,2.674382347640858,2.6754409536333696,2.6758693086276253,2.67632785362548,2.6776598046299114,2.6778446406333387,2.6784819116310246,2.67907377562733,2.680323341623989,2.6814078616207553,2.6817942626212243,2.6823075576203337,2.6827819996169637,2.683011479617562,2.683924002622007,2.6843337606214845,2.6851208496254912,2.6854025966222252,2.6857604136248483,2.6861086856260954,2.687082541628115,2.6875583566306886,2.6886906806312254,2.6892273076373385,2.6894347586403455,2.690086338630863,2.690362638631086,2.6906997686310206,2.6918211346255703,2.6924143486230605,2.6930212696252056,2.694333992623797,2.69456313862338,2.69500397862339,2.6956499186271685,2.696695791621096,2.697349822623437,2.701523677620571,2.701955233618719,2.7021742086180893,2.7035706796095837,2.7046255066125013,2.7051230536153525,2.7053812396115973,2.7059702946116886,2.7065449846104457,2.707153887611639,2.707504051610158,2.7084876416047337,2.70921939560958,2.709549960606637,2.7102513565987465,2.711366166595326,2.7124856296068174,2.713027217607305,2.7132630826044988,2.71451790359788,2.7151009166009317,2.716120393604797,2.7174473915974886,2.717843258598805,2.719142507598008,2.7198766375922787,2.7209040885945797,2.7213340505959422,2.721709212596579,2.722622567595863,2.723087319592196,2.7237756495969734,2.724178442597804,2.724665776599977,2.7247882025985746,2.7250873925986525,2.725461571599226,2.725706592597817,2.725864689597074,2.726046238593881,2.7266894265912924,2.726887734590491,2.7278351345867122,2.728084728583781,2.728333599583493,2.728895744582587,2.7294266225826505,2.7295969255874297,2.7306059025913783,2.730852936593692,2.730971351596054,2.7315274775937723,2.7323088515859126,2.732432614586287,2.7332275935896178,2.733451909590258,2.733747477588622,2.734309430581561,2.7351604995756134,
2.7358705285769247,2.7360936385748573,2.7364234465767368,2.737593079573344,2.7382552275721537,2.739268420576991,2.7395455595760723,2.7399499245757397,2.740496139575953,2.7410629615778817,2.7412987855823303,2.7418027365838498,2.742123507586257,2.743789930587809,2.744867829593204,2.7452251085933312,2.745879778595736,2.7466547525946226,2.7467658435953126,2.747283075589621,2.748496388588137,2.749793544597196,2.7504235485921527,2.75124894259352,2.752296151594237,2.7524143215905497,2.7528867345918115,2.7532954775906546,2.7539579365857207,2.7541867545869536,2.7552647605871243,2.755662931583174,2.756059109585294,2.7564582855857225,2.757489025589166,2.757735099588899,2.7588180005923277,2.7598832935991595,2.762612417605851,2.763665699604644,2.7641260876043816,2.764479059608675,2.7650888216021485,2.766350058597709,2.7664605796016986,2.767184506601552,2.7673821936014065,2.7678492095992624,2.769021272601094,2.7694336655968073,2.77068137859078,2.7717170255864403,2.771865357585739,2.7730116045859177,2.7733471895835464,2.774318686580955,2.7748149225863017,2.7751291955855777,2.7754690905840107,2.775908781587532,2.776364669593022,2.776523862592512,2.7774298665854076,2.777667982586536,2.7781049545883434,2.7785288595923703,2.779106775582477,2.779407966581857,2.7800026415807224,2.7803854055810007,2.781168286584034,2.7821734075942004,2.7824090495923883,2.782589201596238,2.783113812596639,2.7834580585977164,2.7837742755955333,2.785441942595753,2.7870748175982953,2.787228351596241,2.7880717325979276,2.7910713355968255,2.791504978600642,2.7932198325970603,2.7934478765973836,2.7940637716010315,2.7943686096004967,2.7949182996017043,2.795422879596117,2.795653577595658,2.796782423586592,2.7970853345859723,2.7978021315857404,2.7985613405871845,2.7990656595911787,2.7993753405889947,2.800095318588319,2.800573753586832,2.800837988591411,2.801052698593594,
2.80171081959179,2.801988827591231,2.802568745593817,2.803613493590092,2.8048441055916555,2.8053577955906803,2.8055479825916336,2.8074018995939696,2.8082009835916324,2.8095739945956666,2.809778277593068,2.810077421594542,2.8111928255957537,2.8114642365944746,2.8116670505969523,2.8118176955977106,2.8128838185930363,2.8135227095945083,2.8137001735931335,2.8139276165948104,2.8151411185863253,2.8155159085927153,2.8156732645957163,2.816489653580902,2.817428088583256,2.8187678595877514,2.819387513586662,2.821034107591913,2.8216420195885803,2.822022944591481,2.8224026145944663,2.8231065195932388,2.8240494495994426,2.82434025260045,2.8249243435993776,2.825520512602452,2.8256980976057093,2.825947600607833,2.8268547006109657,2.8279019476158282,2.8282619076117044,2.8288603036126005,2.8291229846108763,2.8301909346073444,2.83112142860773,2.8316904586099554,2.832232499611564,2.8333341006227784,2.833924669615044,2.8349815906103686,2.8353863836127857,2.8366057386074317,2.837032360608646,2.8375247886096986,2.838312440617301,2.8393210696131064,2.8395888106188067,2.8398888836172773,2.840164360615745,2.840401673614906,2.8407196196149016,2.841534571623015,2.841695817623986,2.842202355624977,2.84231912762516,2.84251304562531,2.842844216625963,2.8439149826344874,2.84534304663066,2.8456321796311386,2.8459236056351074,2.8463249416399776,2.847400204641417,2.847572402640253,2.8479666596431343,2.848248806646552,2.8483900806468228,2.8485788786510966,2.84900646265487,2.849182381655737,2.8500495226526255,2.850278112651722,2.8545882576518125,2.854714301655804,2.85488903665464,2.8554257146543023,2.855617037659613,2.8566103696575738,2.857438940653992,2.858344213651435,2.859434802659962,2.86021592565794,2.861247944662864,2.8617209926587748,2.8619154006582903,2.862010683659719,2.8621610676573255,2.863136252663935,2.863606461664858,2.8648328316685365,
2.8654656276703463,2.865596766669114,2.865710350667541,2.8666940376724597,2.8678641206761313,2.8686717506689092,2.8687759336698946,2.8689237896696795,2.8691893986697323,2.8696326016670355,2.8699034796673004,2.870779162666622,2.871386243665256,2.871655755667234,2.8719015836650215,2.87265369366105,2.8732705586608063,2.8737824736626862,2.8743354926664324,2.874605779667945,2.8751459676595914,2.875278016660559,2.8757808316604496,2.8763873236621293,2.876726284663164,2.8769231596661484,2.877105340664457,2.8792881026620307,2.8803122226709093,2.880907535669394,2.8810860456669616,2.881907848666742,2.8827492686650658,2.8838625046646484,2.8841528676621238,2.885050147660877,2.885543830660936,2.886607715664468,2.8874880446537645,2.8880028476542066,2.888539062651944,2.8889281096508057,2.8890972696499375,2.8901146466478167,2.8902591486457823,2.8905205526471036,2.8913848916499774,2.891616576650449,2.8927147916438116,2.8931402046464427,2.893270546646818,2.8933563346463416,2.8935097816483903,2.893770839649733,2.8945761566528745,2.895786596655853,2.8962021656579964,2.8964150226584024,2.8970210536626837,2.8972904226629907,2.8983123256602994,2.8985613026652572,2.8987819666672294,2.8995239876685446,2.8997902826631616,2.90311247266618,2.903685672674328,2.9044281526776103,2.904843357675418,2.904992261674124,2.9060890286746144,2.906539541672828,2.9068647296753625,2.907465791676259,2.9078751756751444,2.90813023667215,2.909161718674113,2.909790032677847,2.910482153681187,2.910661965678628,2.912111145680683,2.912761420681818,2.9141337596847734,2.9150467656800174,2.9153697546817057,2.915863935678317,2.9160178676775104,2.9172090796737393,2.917575711669997,2.9181746726626443,2.9191689806593786,2.9198705576627617,2.9205928756591675,2.9211817646646523,2.9213294636629143,2.9214939706625955,2.921755990660131,2.921861834660376,2.922094621658289,2.9222454136552187,
2.9225465406543663,2.9238833176532353,2.924517093650138,2.9247513586515197,2.9257310326484003,2.926260736651784,2.926418295647636,2.9274193606406698,2.927514137639264,2.927920592639566,2.9286737816391906,2.9288104666384243,2.929820486630888,2.930679001629869,2.9311076286257958,2.931702402624069,2.9323126956269334,2.9326022366285542,2.933310139634159,2.933613834634343,2.9343114506273196,2.9344734896285445,2.9348560066264326,2.935042157625503,2.9355120806212653,2.935689353622365,2.936563186618514,2.936702734617029,2.9372184016201572,2.93734661761755,2.938113465623246,2.9382701736249146,2.9393411406208543,2.9397545376168637,2.939855117616389,2.940207459614612,2.940569051613238,2.9408386326140317,2.9409975766120624,2.9421848066131133,2.9427626236047217,2.943436368609582,2.944105304608456,2.944571699611515,2.9447790816157067,2.945636766629832,2.9468009736274325,2.946923044630239,2.9470897996316126,2.9471928736311384,2.948238890627181,2.9488972856233886,2.9493260096214726,2.9496051896257995,2.9498620496297008,2.949973795628466,2.9501600876292287,2.9504428216287124,2.9505437716288725,2.951471251632938,2.9517012256355883,2.9520767446329046,2.952648758635405,2.953488939631825,2.953950345630801,2.954591151632485,2.955662538634897,2.9559410286292405,2.9561771906301146,2.9563311616293504,2.9566378156350765,2.9576034916381104,2.958093429638211,2.9590824156321105,2.9600690656261577,2.9624590756247926,2.9627142126264516,2.9632760526319544,2.9652203446321437,2.965532061630256,2.9661250786375604,2.966909067643428,2.967049751640843,2.9672708886373584,2.9674337806391122,2.967654940637658,2.968620873642976,2.96901245263507,2.9694443476319066,2.970137162629726,2.9704404366320887,2.9710989366385547,2.971280415637011,2.9716028446318887,2.9721614486279577,2.972733600621723,2.9733156126176254,2.9734387816206436,2.9742963956196036,2.9749745776252894,
2.9761743726212444,2.9772606666228967,2.9777360456200768,2.978629111616101,2.9788108246166303,2.979681416612948,2.9800326436143223,2.9804601006144367,2.980685123610783,2.981017415613678,2.9815897766156922,2.9821428216155255,2.982805960623409,2.9830819696271647,2.983555198628892,2.9849169746330517,2.9850638326352055,2.985623654633855,2.9863237576437314,2.986533051643164,2.9878524226351146,2.988067387634146,2.988492308635614,2.9893710716360147,2.9895247546355677,2.990200207638736,2.9903395086394085,2.9908968166328123,2.992265539631262,2.9931053386226267,2.993670195620325,2.9955145146259383,2.996413188625411,2.996799944630766,2.99717247663375,2.997680785627381,2.9983179176269914,2.9985523026261944,2.9996296066346986,2.9997491366329996,3.00066425863497,3.0016937216296355,3.0022561626356037,3.0027616636343737,3.002972222637254,3.003103708636445,3.0032763636345408,3.0034931816326207,3.00444622363284,3.0046695286355316,3.0050851386358772,3.005725449633246,3.0062344626321647,3.0063623106325394,3.006858445633952,3.007591590632728,3.007965607629558,3.0088879236218418,3.0093867706209494,3.0096665776236478,3.0099728616269203,3.0103018126237657,3.0106088786224063,3.010947539623885,3.0115583756296473,3.012412824630701,3.0129747196378958,3.014340763630571,3.014464816630607,3.0158541546352353,3.0168134596342497,3.0170819566310456,3.017425247630854,3.018109598629053,3.0192650576373126,3.020212889627146,3.0203848286319044,3.0207648856294327,3.0218085076212446,3.0219993206173967,3.022182835617059,3.022368694612851,3.023199596613267,3.0240124196134275,3.028048130617208,3.0282167496188777,3.0293224176148215,3.029792491610351,3.030041905610233,3.0308826606160437,3.0312118376168655,3.031349832619526,3.0315248716196947,3.032581441617367,3.0327743656198436,3.0337003586191713,3.0343659716209004,3.0346186546194076,3.035029846616453,3.035165663616681,
