0.0224192300001107,0.03402620799991496,0.0375142919996847,0.04061146299991947,0.055847982000045704,0.07018666099986604,0.08628829899996049,0.09277649300028656,0.1090642260001573,0.11879212200034317,0.12208610600018233,0.12626681199992618,0.13008898300000737,0.13598038000003498,0.14158577500006686,0.14542102100008947,0.1489500210000756,0.15211118900006682,0.15532196200010162,0.1582879300001423,0.16129247700035876,0.16778364000063561,0.17100424900047528,0.17426675900017585,0.17726269800016325,0.1805928700000834,0.1840826890002063,0.1894175930002291,0.1985465869998677,0.20207784499964987,0.20543647699958,0.20854417299963757,0.2117999949994953,0.21522878899966713,0.21830076099976736,0.22119387199987273,0.22428859499987652,0.22718827199997804,0.2304846620000376,0.2335598980000384,0.23667110900009902,0.2402542069999356,0.24525738099987393,0.2499539259999608,0.2541115669998817,0.2586185849997662,0.26242626399988467,0.26580291099989495,0.2692319299995347,0.2731518329995879,0.2766286440000272,0.28027761900011683,0.28382614999978273,0.2870022399998504,0.29162812700002405,0.2947389859999987,0.2980352720000212,0.3010451490001458,0.30431100699971125,0.30733128399967313,0.3116954879996854,0.3159837679994837,0.31911569899938286,0.3225904659991272,0.32608108199897856,0.33010672399908003,0.33316457999862337,0.3369607449984926,0.34145002199872465,0.344784727998416,0.34880202699841334,0.3555472989983457,0.3617466789981165,0.36594426899856103,0.3691367169984403,0.37242174999849453,0.37827390499845137,0.3826973639981759,0.3858160539990365,0.3889684439986638,0.39243339799887167,0.39851140599924406,0.4035620019987789,0.4079889919983941,0.41328835199843184,0.4198476639981834,0.42377165599802424,0.4269915289981725,0.433180065997675,0.43796682599722203,0.4414761569971404,0.44461837899709167,0.4499767339970333,0.45422688599634853,0.4586844259960401,0.4620721649958739,0.46605230699648814,0.4706919699966363,0.47529443699656326,0.47880595099687184,
0.48353644999687617,0.48660953899675974,0.4908884819971888,0.4954921079969665,0.5003532639975958,0.5057014069975878,0.5098564689979241,0.5152559019975627,0.5185325799980376,0.525127438998112,0.5283256309973865,0.5318764679970798,0.5374366859970507,0.5432610199972316,0.5483008519973112,0.5516954859976693,0.5565172559977611,0.5617149069978211,0.5654168469975218,0.5699512739973045,0.5731118739965098,0.5774345189965686,0.5820886899967093,0.5868336689962632,0.5916707909963463,0.5956828889963219,0.6004485039962049,0.6046748739965153,0.6079076599961866,0.6111331839961451,0.6149031389957997,0.6201438479960473,0.6237766559956128,0.6285316069955513,0.6320790129952627,0.6361163359958084,0.6400836609959981,0.643400787996228,0.6481551549960898,0.652911204996343,0.6559770299956824,0.660394015996161,0.6635144179961969,0.6674298839957657,0.6725563099958265,0.6767824369952393,0.6800789159948692,0.6852692049952509,0.6893466369949977,0.6932930059947182,0.6975873379948041,0.7031234219950022,0.7074827159948143,0.7119035229947883,0.7155044539949529,0.7200274569956662,0.7245243999953743,0.7329645629954769,0.7366048649954848,0.7399879399951885,0.7448357449952994,0.749797336994817,0.7539013259950309,0.7577225029948806,0.7631868709953835,0.7678109539955074,0.7716292249952801,0.7754066829953956,0.7791494289954528,0.7833753919955768,0.7871948949956789,0.7960738619955521,0.7995990309953243,0.8088763329951973,0.812327213995701,0.8161531329951401,0.8198913259948597,0.8228343799951006,0.8301024629948017,0.8335087969947779,0.8365169059945003,0.8407641019947789,0.8443842059945439,0.8494650459951174,0.8594933699953629,0.8654293349954116,0.8712687809949387,0.8773849299954293,0.8818102329961732,0.8853020909959639,0.8913181959959786,0.8965077449960006,0.9000776579964338,0.9032186799968542,0.9083082239976932,0.9138660569977048,0.919162252997836,0.9248138219973328,0.9283988879974174,0.9316740909972339,
0.937632763997243,0.9424209519979456,0.9484261169985473,0.9516430459986793,0.9550552259985068,0.9583258209983967,0.965076823998487,0.9684484399985251,0.9718330359986282,0.9759838799990064,0.9800416949985618,0.9835091169993291,0.9865526939998688,0.9900186780000411,0.9936338880006872,0.9976595780010769,1.003050158001173,1.0085149680013785,1.0141168810010015,1.0175071320006452,1.0205909300003384,1.02391196600027,1.0290907729996377,1.0344179889999907,1.0387525869999479,1.0422144350000906,1.0457987580007568,1.0490419570004121,1.055765141000876,1.0588299490014776,1.0679843970015952,1.0712714880016563,1.0745165080014374,1.083348910001149,1.0907163640013948,1.106527246001093,1.1140036510010134,1.1198060140007158,1.1247845930008964,1.1294819510015657,1.132854072001777,1.13853899600187,1.1453725380017374,1.1496710140010293,1.1540058540008147,1.1588378720007029,1.162356059001155,1.1661331770014556,1.1705074050011888,1.1738601780010356,1.1784493400007534,1.1825584170004788,1.1861230670006933,1.1902591180010802,1.1946617890008326,1.1983039910006994,1.2037990340008662,1.2080999820010163,1.2124822580006764,1.2169529250004132,1.2201552640005104,1.223094682000493,1.2266088790003948,1.2299457040002437,1.2332479049998994,1.2362008780005738,1.2392734140009054,1.2431118200007916,1.2588250380011061,1.2749294280013999,1.2821712140014085,1.294793228000998,1.3011916080006642,1.3131488170008936,1.319552099000731,1.3298874490007222,1.335571704000614,1.3427783220006688,1.3490013930001794,1.353208990000411,1.3577027070000725,1.3624719969996306,1.3696500210000124,1.3763396710000109,1.3821684829997878,1.3877124130001164,1.3928898470000206,1.3965031830004193,1.3996792270006324,1.4044139370008395,1.4098405200013246,1.4160394180011338,1.4304711410013908,1.4426891130013644,1.4473980430011864,1.4524570100011545,1.4573930080009916,1.4628336370015234,1.4692176490017061,1.4761842960010938,
1.4821753710016026,1.4871552410010338,1.4911854720012059,1.4947997550007983,1.4990950730014845,1.5024509650018274,1.505529585001085,1.5088111680010172,1.5120699420012613,1.515018982001294,1.5182138140011432,1.5226468410002951,1.5273994010000536,1.532274285000227,1.536316389000575,1.5396894630007125,1.5441138700005865,1.5482755710008576,1.5514674350009443,1.5546675550012594,1.5576794090014516,1.5610808200015356,1.5651172810014202,1.5697205020016725,1.5740063820014996,1.5772639170015452,1.5803428620014017,1.5834334140014619,1.587882000001656,1.5910733970017361,1.5944691480014228,1.5990567520015304,1.6030192980016693,1.6069044040013694,1.611557145001683,1.6154642930019065,1.6185809690020676,1.6223684160021037,1.6272068090017058,1.6304069960018808,1.6337683410014563,1.639689413001264,1.6457193610009142,1.6506903700008309,1.65432318000083,1.657540866000403,1.6631630900002676,1.6666760230002353,1.6701588620000791,1.6747493159999465,1.6810768480002878,1.6855641070003742,1.689834805000686,1.6932083390007904,1.6962364340010652,1.7000536960005945,1.7032116930005543,1.706539040001104,1.7097017340011291,1.7131113300009417,1.7163867010011984,1.7210743800011699,1.7265592650011001,1.7298779030013804,1.7341703990009307,1.7382923380010595,1.7414342010006578,1.7447728610005413,1.7500069160003875,1.7538272590004738,1.7570578000004673,1.7605998460004741,1.7637034580006627,1.7668593820006038,1.7701023240011011,1.7740197850015136,1.7773817630013298,1.780914223001247,1.7884255400019526,1.795413775001606,1.7990349690016672,1.8042996770018647,1.8121326620020852,1.8175946210024847,1.8294258410026316,1.832730690002819,1.8358588180025492,1.8389783000020827,1.8427559390019326,1.845961374001746,1.8492821740019565,1.854525603002088,1.8587110770019706,1.861812159001687,1.8742142290015238,1.8814070880017368,1.885095921001863,1.8892439580021403,1.8942549530015924,1.9007216580015154,
1.9052405880017602,1.9099475210020103,1.9136514480022413,1.917797972002262,1.921225311002587,1.924770750003205,1.9276676920031548,1.9324120390039923,1.9360650420045147,1.9408258710046482,1.9442621620043212,1.9479938920045754,1.951470223004577,1.9552576640048471,1.9586807100044155,1.961846324004199,1.9651577500041242,1.9767363270031808,1.9906297610030776,1.9937609380030779,1.996800782002623,1.9999585560022695,2.0028471910020755,2.0061131620019808,2.010892766001774,2.013937126001082,2.017248259001093,2.0219952820016545,2.024989785001793,2.028353067001632,2.0330400530015424,2.0361770000023682,2.0399183290026315,2.0451686990022324,2.0492824430019425,2.056666634001914,2.0615871930021683,2.067016645001928,2.072028841002094,2.07584436100214,2.082952709001944,2.0884805690018027,2.092892198001749,2.096218521002953,2.100644597003196,2.1047783880035524,2.1105545320038175,2.1174212930039005,2.122872450003655,2.1299738210034036,2.135397150003058,2.1398332540031504,2.1449431830030505,2.1522478240026715,2.155834299002805,2.162580380002936,2.169143580002327,2.1730388110022147,2.1794922020020806,2.2007371190020706,2.217140622001949,2.220322068001934,2.2237037180019854,2.2298446060018193,2.2443228100019894,2.2499247380021927,2.2568991150019713,2.261696887001875,2.2658838060013693,2.2708260330012706,2.2746801450014402,2.283459484002009,2.287694438001921,2.291211214002061,2.294569842001721,2.3003696300016543,2.3050198470021144,2.308459555002429,2.311810422002708,2.3151108780026277,2.318690908003049,2.3243585560024655,2.32809771500294,2.3315864530031547,2.33642028000358,2.3400726190035073,2.345673944003039,2.349174114002807,2.3555619740036775,2.3658747680039767,2.3713235830046813,2.3772404590040708,2.3840115840042984,2.3909306780043096,2.3957826400042848,2.3999160330039047,2.403745769004246,2.4089305700041734,2.412854460004411,2.416366549005005,
2.4211853240048242,2.4268323270049166,2.431730370004999,2.436241521005371,2.439608320005817,2.4437353900057417,2.4482859360063856,2.45163484300636,2.4556363260061005,2.4598982140063015,2.465154423006169,2.4747265220060797,2.478943709005904,2.4828094680064794,2.487420382007002,2.491110291007061,2.4947322950067985,2.499858708006883,2.503038857006942,2.5062276070066503,2.5097609490067327,2.512777814006796,2.5166751120068795,2.5202846210063115,2.5246714460063515,2.531345739006582,2.535798568006925,2.539580091006229,2.5428563890061184,2.5460070840065043,2.5491510770067123,2.5520560900061753,2.5561979270061954,2.5595707380060446,2.5635516080061223,2.5682482320063116,2.573854962005754,2.5794444340059215,2.585478748006352,2.5908687460066915,2.5940919090070054,2.5972986020073847,2.6004285220071495,2.6043095150073157,2.6074787450072847,2.6104976690073443,2.6135671860072023,2.617754456006679,2.6208876480070273,2.62395965600669,2.627983574007004,2.6332436780063233,2.6371931440060905,2.6413091570060203,2.645588630005733,2.650908853005859,2.655671385005263,2.6614093760050253,2.6666879150052694,2.6732193940058835,2.6803143940057055,2.686136770006243,2.690744930005934,2.6959686130057037,2.700631239005787,2.7067481200051873,2.716006022005473,2.719764328005539,2.72384802000542,2.7276415450054117,2.7341121700051474,2.7409112440048204,2.74653510400438,2.7516212840044716,2.7562946080043673,2.7632718880038567,2.76894593000398,2.774607324003483,2.7840097170035563,2.7888800810029295,2.7955627580027738,2.803695786002635,2.810219588002184,2.8168751230019495,2.8247136230023955,2.830075174002758,2.834651811002999,2.838166818003373,2.84304981700339,2.8477003200030424,2.8513071510024304,2.8561000660026536,2.861717855003377,2.867339280003506,2.8719229210035735,2.880412305003489,2.885961551002964,2.8905531610032824,2.894290448003204,2.89744713600291,
2.90251844900277,2.9080581710025797,2.913476676002773,2.9172457510028664,2.9218332900029225,2.9271768880031743,2.9327140280024935,2.9400970630022414,2.9474212340022348,2.951928618001972,2.958882384001555,2.9648314930010713,2.9704857730011156,2.9778483820009285,2.9832962890004353,2.9896963990002234,2.99396173799974,2.9972575630000335,3.0009133239999812,3.006707158000296,3.01507432400021,3.020437545000476,3.0254694360001793,3.031954958000398,3.036416990999925,3.0412584029999437,3.0458731279994424,3.0500067719991364,3.053160218999068,3.058605099999312,3.0619631029989876,3.0653567739991274,3.069799212999186,3.0729506609996236,3.0762602199999094,3.081505335999992,3.09034781999938,3.0947223549990497,3.101973934999222,3.107637230999302,3.1131041209989974,3.1200429209987135,3.1298780879981507,3.1354889349982216,3.141695631997976,3.148790209998225,3.152996077998381,3.15619469699854,3.1604039409978384,3.1673407459976772,3.1720134369976734,3.176229706997532,3.180187971996787,3.1866985529968304,3.191091294996596,3.1942478279966906,3.1989340159966844,3.204821761997124,3.2088777119972463,3.215409415996845,3.2222065529967665,3.2275431249964583,3.2357768379966103,3.24025574699661,3.2457904439964125,3.251318156996348,3.2555114269965486,3.259661044996875,3.263849338996664,3.2680433189968596,3.271422294996711,3.27543295699698,3.282263715997175,3.2854711269967254,3.288996869996623,3.2924398029963697,3.2960693249964095,3.2992010269959735,3.302698013995922,3.306539462996369,3.3123142099970266,3.317024594997605,3.321870642997027,3.326329459997538,3.332145880997217,3.3372439619974728,3.341786018997624,3.3459910159977255,3.350258868997713,3.355379817997374,3.3605024489965842,3.3654852839970033,3.3692408379968413,3.3725328269976274,3.3763267419972465,3.379373369997296,3.382574238997478,3.3857198879976806,3.391027982997599,3.394036038997598,
3.398005657997629,3.401064785998159,3.4042896799976177,3.407880782997637,3.411412528997488,3.414346913997889,3.417612260998254,3.421509512998483,3.4247810669986336,3.4279726799985326,3.4310841789991002,3.434114781998943,3.437093301999738,3.4400634459991863,3.443754341999437,3.4467362769994736,3.44980305399892,3.4530170619989633,3.4568171789991595,3.460052128999024,3.4632167479989278,3.4679314849989,3.4714548279991675,3.4746143489986423,3.4782935289983072,3.481280882997936,3.48433375599771,3.487792097997982,3.491264711998298,3.494355610998099,3.4977122249983665,3.501325558998616,3.5043721659988876,3.5079634269996802,3.51160715499978,3.515001879999687,3.5183814609996205,3.5216285769993476,3.525133435999436,3.5287378199994066,3.532210351998998,3.5380420949986444,3.541229919998642,3.545319544998762,3.548909991998727,3.554389472998963,3.5596625599991114,3.5646019899990904,3.5709537909989706,3.574925794999075,3.5806346819987596,3.585364090998411,3.5982386449980766,3.6066566509975644,3.612847962997563,3.616345472997949,3.623925451997792,3.6311130589981246,3.640496463998801,3.6445327559991654,3.6488102889993286,3.6528904469987253,3.659171881998219,3.6624906269979363,3.6665588189979132,3.671966370998092,3.6765942549978092,3.680000867997279,3.6838643689971207,3.6872174709974104,3.690559916997273,3.695546270997255,3.7017426869968233,3.7057861679972177,3.7091001609973944,3.712690801998093,3.7162572589978424,3.7206041869979742,3.7259193059976212,3.730143974997901,3.734311299997813,3.74080250399831,3.7457929929985028,3.7499310259985066,3.7535798699989584,3.7568018279990554,3.760488229999538,3.765393913999816,3.7715681239995718,3.784346287999682,3.7877532179990965,3.793203142999829,3.79912491699983,3.8040199050000467,3.811166773000224,3.8208220070003733,3.8262103680001758,3.8296318639997082,3.8364250869997534,3.8483135549994074,
3.8671985099992696,3.8755275659991923,3.8833037849990717,3.8915180149996047,3.8948561289997485,3.90688417599992,3.92105788999973,3.9267792409999345,3.9362632369995083,3.945024875999451,3.9513849699989407,3.957384048998591,3.9617746239988776,3.966844860998748,3.9735858759988503,3.9789002609987563,3.9833388919992387,3.9892569839992973,3.998525995999131,4.006425960998939,4.012362063998381,4.0171912079987635,4.021143787998454,4.026278530998667,4.030403775998963,4.033750431999891,4.038101062999232,4.041563383999431,4.045348562999635,4.049167520999987,4.053114750999924,4.057557124999988,4.063241922000174,4.06799530500038,4.072024095000387,4.076425429000238,4.079854531000279,4.083558795999949,4.086904538999562,4.090025593999286,4.0965357849991335,4.101558656999629,4.107241082999366,4.117722515999873,4.124466854999781,4.12785570700035,4.131388865000389,4.136641577000006,4.140882031999951,4.144302421999754,4.148420159000494,4.1523858840006085,4.156968728000123,4.163640649000371,4.168268218000577,4.17144723000078,4.175030697000437,4.178483249000379,4.181501043000054,4.184749824000136,4.187794130000128,4.190825699000214,4.193781961999633,4.196978403998884,4.200105785999284,4.203174211999084,4.206321535999365,4.209599746999373,4.212929767998872,4.21636136999885,4.222053482998746,4.227185827999136,4.2321465839997074,4.236636855999365,4.241144172998958,4.245540549998765,4.248700281999362,4.252429722999722,4.2555419309992715,4.2587051599988115,4.262476906998955,4.268061377999146,4.273881867999052,4.277805031998781,4.281768245998734,4.286354758998442,4.2934465829984845,4.299914852998626,4.307662602998931,4.312918624998105,4.320203990998635,4.325587998999282,4.330702987999331,4.338286304999343,4.342654027998918,4.349356558998949,4.355161363999429,4.360518420999114,4.364791789999316,4.369186963998828,
4.374808067999169,4.380149035999267,4.385790961999959,4.39128685899945,4.397146331999096,4.404222170999873,4.408584641999795,4.412042341000216,4.415988507000321,4.419409289000072,4.425352413000184,4.431136216000226,4.436107482000438,4.441004299000582,4.446445222000676,4.451015341000442,4.455956742000211,4.460929820000246,4.466682011999779,4.471814346999366,4.47668937099948,4.482733041999296,4.488580394998763,4.492994213998401,4.496730941998209,4.502900296998206,4.507676816997645,4.512097284997168,4.517523093997369,4.521591079997819,4.527073784998066,4.531548553998192,4.535806871998062,4.5414783149986135,4.545429431998826,4.549114758999025,4.552869024998955,4.55636824999894,4.560883402998826,4.564874071998673,4.568829568998609,4.574129195998836,4.578727387998612,4.583581918998476,4.587207833999088,4.590634317999019,4.595005104999103,4.599014238998933,4.603517430998551,4.607553442999034,4.6117209529992635,4.619466596998819,4.626188841998697,4.6345846799981985,4.640525533998726,4.645737222998633,4.652046900998329,4.65927487399793,4.666019280998199,4.672171929998029,4.67737373299795,4.681769021998349,4.68716654899842,4.690899939998388,4.696255589998458,4.701414842998673,4.705523042998635,4.711877610998187,4.717638677998053,4.721589123997688,4.728051917997817,4.732519572997688,4.736874807997111,4.742652596996123,4.748170761996249,4.753230085995909,4.757673549995587,4.761653988995334,4.767699578996002,4.772508685995916,4.776641812995393,4.780514557995019,4.784589204995115,4.790462811994843,4.794380257995016,4.799736960995261,4.807124151995566,4.812413320996001,4.81666494799569,4.82047566099547,4.823813135995437,4.827069075995752,4.830466113995811,4.8340411789953635,4.837389461995173,4.840547261995113,4.844177475995053,4.848288184995425,4.852331569995357,4.8566591149951535,
4.861732823995197,4.867247342995,4.871742951994946,4.8759958509947126,4.8800798869949915,4.883751931994851,4.887474345994889,4.8906849349947095,4.894396459994795,4.898602833994431,4.902242292994316,4.905920173994019,4.912608657993957,4.9233918419937766,4.92676768799393,4.9312763399939,4.934897793994168,4.938038756994473,4.941400361993402,4.9460100519929995,4.950329926993078,4.954167530992805,4.957297460992692,4.960450119992373,4.964259012992187,4.968373963992207,4.971517529991871,4.975076757992412,4.978312241992711,4.982423164992866,4.986823370993051,4.989984216993122,4.993177614992902,4.996347794992602,4.999406263992142,5.002639110991794,5.0061490079911835,5.009748451991101,5.014308449990864,5.0191065599911155,5.025875496990494,5.029842003990524,5.036633728990665,5.0417834199907645,5.045800778990525,5.049262422990722,5.052676253990768,5.057593029991011,5.061568604990811,5.066128735990588,5.071755986990439,5.076843724989914,5.081049770990404,5.086121119990452,5.0928409569906705,5.097689741990706,5.101335554990811,5.105337074990672,5.110536886990559,5.115936931990433,5.122467992990067,5.127126625989803,5.1324618769893675,5.13741094698949,5.142491959989258,5.146436542988994,5.154064836989193,5.160643457989039,5.165529020988885,5.1712066259888445,5.175994168988808,5.182180568988741,5.186944393989251,5.192294106989067,5.19704261398951,5.20167268798977,5.205859308989858,5.209277230989898,5.212584898989377,5.2155797379894295,5.218605787989503,5.221895373989497,5.2249249899897166,5.2282474929895955,5.231763023989544,5.234837753989694,5.238024545990385,5.2412845229899006,5.244446079989785,5.24737556198923,5.25061625298909,5.255034041989319,5.258104756989127,5.261108805989096,5.264239299989043,5.2673465559886665,5.270526099988814,5.273847566988962,5.2778701239888335,5.2809854579887485,
5.284858047988706,5.288390158989074,5.291642524989101,5.294905552989093,5.298291780988592,5.3043287629887175,5.309397328989093,5.313839344989191,5.317045504989238,5.3208220339889465,5.3253678319892686,5.330209766989327,5.3349490879892585,5.339396678988891,5.344037574989073,5.347210276989387,5.350577980989129,5.354645420989328,5.358017651989343,5.3616825139896775,5.36562213398966,5.370723662990002,5.374826879989968,5.378302709990038,5.381892209989559,5.385357962989559,5.390502194989921,5.394526615990202,5.398437240990148,5.40288249399029,5.407327036990495,5.414139061990426,5.417899842990408,5.42217897399027,5.4270795419903095,5.43386665999023,5.438586429990238,5.445029220990051,5.448357623989892,5.4544593419905425,5.457762821990656,5.46084689299002,5.465263951990238,5.469124719990049,5.472349548990309,5.4754997869908095,5.478801503991036,5.483074327991204,5.487464496990725,5.490813123990478,5.494798263990532,5.5027661089899595,5.506101450990087,5.509257153989921,5.512691382990084,5.517888396989889,5.521147236989833,5.524510890990513,5.531654748991656,5.535483608991655,5.541267062991864,5.5453754389920675,5.550664697992232,5.554821059992236,5.558397915992231,5.563137505991989,5.5699109079916695,5.575852300992068,5.579386888992332,5.583014361992156,5.587019598991986,5.59149919599227,5.595499734991762,5.60032506799152,5.6050647339910995,5.608968634990873,5.613481683990955,5.617686533991133,5.621692486990952,5.625402976990955,5.628722080991196,5.632856006991432,5.636015262990469,5.639509708990914,5.644008022991699,5.648600774991195,5.653583833990837,5.65802095199129,5.662604673991069,5.667288986990997,5.671610456991374,5.676207983991134,5.679455380990902,5.6848091239912435,5.688395271991766,5.692164781991863,5.6957825789924925,5.698990128992392,5.702376022992524,5.705627687992177,
5.711609489992014,5.716730963992148,5.722229141992699,5.727098442992286,5.731887031992557,5.737092571992349,5.740415310992518,5.7439296929923955,5.747729393992557,5.752204153991983,5.75627017199227,5.759702688992178,5.763728269992924,5.767593522992996,5.771331996993041,5.775307281992724,5.7794596619927745,5.783210361993241,5.787127760993684,5.795072191993569,5.800114456993612,5.8044200229935825,5.808872374994024,5.813291826994515,5.816671744994409,5.819815358994248,5.823501829993887,5.826600679993845,5.82961376699464,5.833625513994349,5.836922896994366,5.840770907993857,5.844607974994261,5.848044321995388,5.851015576995252,5.855655934995269,5.858775430995792,5.862416939995995,5.865854016996224,5.869114440995787,5.872721001995416,5.876971833995327,5.880514578995218,5.885613670994957,5.8916101879947576,5.895747573994612,5.901327109994696,5.906592847994858,5.911478899995274,5.915930860994848,5.920817362994995,5.926083858995099,5.93102729899428,5.941727383993822,5.948369225993787,5.95185573999359,5.955117152993552,5.961424051993532,5.968051586993937,5.973771105993336,5.977132141993792,5.980343967993377,5.985504057993381,5.988562298993173,5.994942430993007,5.998072788992175,6.003349578992669,6.008955161992759,6.011974487992944,6.015031219992892,6.022645995992917,6.026524811993141,6.031995784993541,6.03663094699354,6.04355083299393,6.04879785399433,6.055772936994941,6.059549861995123,6.063733663994725,6.0705892259943255,6.074915997994111,6.08198242399456,6.085298988995277,6.092096036995173,6.100638895995047,6.10436463499488,6.108205346994822,6.11252094099504,6.116562995995736,6.1212399969960245,6.125799963995377,6.129374057995932,6.1331312899957595,6.136446845995437,6.14057937899517,6.145442707995329,6.148801336995035,6.152089436994942,6.155360018994685,6.158756685994177,
6.162577681994179,6.1666361909938985,6.170902455994252,6.1772845219939825,6.188133868994015,6.192262387993736,6.1980166089943225,6.201378092994247,6.206794744994028,6.212585574993653,6.218848978993464,6.223598696993491,6.2282029129932255,6.233843374992404,6.237030709992524,6.240184548991721,6.245591382992217,6.24937863699202,6.255425342991856,6.258641538992293,6.261828567992296,6.267907099992243,6.271181507992509,6.275967423992739,6.280882298992793,6.285978169992944,6.289931419992939,6.29349592899311,6.296698519992987,6.301427895993157,6.3055021359930095,6.309674556992576,6.313942653992939,6.317743819992842,6.3226404989933656,6.3272998039931565,6.330493395992875,6.333533359992401,6.339005313992544,6.343378224992733,6.348430231992921,6.353031155993193,6.357142859993331,6.36160471999321,6.365952340993175,6.370370091993351,6.374836864993625,6.378516709993306,6.3816719979929815,6.384722575993493,6.389289845993773,6.393793335993763,6.398517542993972,6.401676448994209,6.404762879994593,6.407933283994424,6.410976874993793,6.414040580993316,6.416993528993174,6.420521548993207,6.424032412993171,6.427076102993766,6.430245089993235,6.433316514992924,6.438231690992865,6.442844226992946,6.447762842992944,6.4508631619923165,6.456092430992868,6.459351013993029,6.462494147992317,6.466614408992285,6.470934225992579,6.476770204992505,6.480513729992566,6.483587728992376,6.486529807993151,6.489784374992979,6.495751014992919,6.49997986899271,6.503929564993058,6.508438738993192,6.5129728909927564,6.518510031992406,6.523524991992389,6.526925960992088,6.532170772991691,6.540146968992389,6.5435172509926645,6.546629019993105,6.551978207993017,6.557291989993047,6.564836002992962,6.570340446992617,6.576472711992068,6.585115894991674,6.5891546019919645,6.597956752991905,6.601203671991783,6.607939329992092,
6.6117365659921745,6.615614878991977,6.622284637991669,6.630738327991338,6.634218664991209,6.637523866991415,6.644104945991415,6.647399335991537,6.650663303991365,6.659340562991559,6.662651832991429,6.6718123139915235,6.679726408992195,6.685533279991915,6.690018089992378,6.698316162992086,6.7015094779921185,6.705888406992273,6.71311592799205,6.723030254991812,6.730787955991701,6.73643106399183,6.747207317992007,6.756129409991985,6.761326216992273,6.768025421992178,6.772774568992446,6.777468152992498,6.783321043992856,6.789301822993167,6.794606322993474,6.799342535993986,6.803668614994336,6.809039898994541,6.814909685994422,6.8218315369945515,6.8260370449941945,6.830032178993946,6.833877919994251,6.837902161994663,6.843283549994595,6.847753493994134,6.852166018994154,6.857486797994255,6.862311704993573,6.869486818993522,6.874266786993331,6.879162546992944,6.88321496499313,6.886368071992962,6.8901826049931,6.893529902992526,6.9003842789921634,6.903791130991664,6.908673076991505,6.912255541991584,6.9166990839918014,6.920461630992207,6.9248290369920085,6.9291608909919375,6.933497024991965,6.937115107991673,6.940650488991508,6.945543791991184,6.949592447991819,6.953945202991719,6.960317344991296,6.9645647779910576,6.969438424990898,6.973659644990477,6.977836012990707,6.984931817990656,6.989356488990694,6.996176304990314,7.00162365499088,7.006041446991247,7.010606018991524,7.01766889799157,7.0242137629910815,7.028362273990666,7.034750671990508,7.039652285990172,7.046888496989851,7.051251203989835,7.057059565989476,7.0603112279895015,7.06551673099014,7.069971856990463,7.075531973990479,7.078773731990367,7.084711762990565,7.089911607990729,7.09569426999056,7.100086684990657,7.104901467990118,7.110738659990346,7.114845810990261,7.11922227498988,7.124552334990057,7.130001029990382,
7.136663753990177,7.141081730990692,7.14497343299044,7.15029617199022,7.156202712990961,7.162404406990419,7.166196771990627,7.169861494990897,7.174710011991095,7.1782872189906755,7.181682032991006,7.184885570990758,7.187845055990778,7.191120827990318,7.194260127990134,7.197343895990315,7.202627306990422,7.207315304990658,7.213473059990264,7.21659503399033,7.220923265990251,7.226467363990167,7.230083007990089,7.23358156898982,7.2367159619899155,7.239852175989853,7.243062973989623,7.246845621989422,7.250310624989112,7.254499047989356,7.25853821398951,7.2627251759896865,7.267285889989495,7.270902890989618,7.274512285990369,7.278078106990989,7.281306600991485,7.285932911991466,7.289327062991418,7.296445976991464,7.304531171991556,7.309691377991697,7.3168781929914815,7.322266220991395,7.327604707991981,7.332753368991831,7.338167252991951,7.34350198599256,7.346728237992323,7.353497860992292,7.358578741992488,7.363888161993003,7.368675193993198,7.37402485899392,7.3788143829940225,7.384583306994074,7.388458141993709,7.393121741993838,7.396390162993811,7.399962371993894,7.40312463999382,7.410879942993034,7.414140026993124,7.421082900992616,7.424770688993107,7.429466347992701,7.4353940949932,7.44093231199318,7.444585708993117,7.450401434993324,7.45378028299271,7.459195026992262,7.470416790992118,7.477019082991632,7.481841400992067,7.486297313991685,7.4939300689919435,7.499861140992124,7.503065416992314,7.510165814992632,7.513482800992364,7.518385581992305,7.524336039992676,7.529767489992565,7.5372380729927215,7.542631767992447,7.5484779239925786,7.551937175992549,7.556101011992638,7.560589040992426,7.563822360992361,7.569433846992439,7.574135581992579,7.57727711399221,7.580770824992015,7.584152490991897,7.590664840991764,7.594952792991734,7.599454497992241,7.6025277449925,
7.606964637992149,7.612634782992387,7.615974654992357,7.619850736992959,7.626306638992929,7.629526866992393,7.63284361099258,7.637411501992261,7.644672084992436,7.650072987992218,7.6546223659921395,7.660433754992113,7.663764530992324,7.668012778991823,7.673062383991606,7.679113190991558,7.683092156990739,7.686314140990447,7.689662131990559,7.693593970990975,7.699270435991394,7.704597022991578,7.7081783569914535,7.7123433649913125,7.7166027349911985,7.720851047990749,7.725464235990813,7.73170649899086,7.735632487990671,7.741672303990271,7.745907132990027,7.753074795990443,7.7591492609900286,7.764801368989794,7.769993956989964,7.774676615990387,7.779063369990723,7.783244568990398,7.788887885990306,7.7934079419900115,7.7985344159899626,7.802442097990166,7.807423923990797,7.810685316990799,7.8138734899908115,7.817237427990648,7.821413161990307,7.825416290990489,7.828718347990531,7.833535736990115,7.838733417989118,7.844694010989343,7.84913005298975,7.854431153989793,7.858204695990338,7.8629791049899325,7.866326475990007,7.869510383990047,7.8735323979905445,7.878670080990872,7.8824679249903795,7.886079199990519,7.889684718990367,7.893059133990363,7.896482454990661,7.899632256990714,7.903927485990351,7.90844486999012,7.913031340990614,7.917390500990479,7.9215005259903535,7.92569762999031,7.928786647989995,7.932845224989961,7.936075967990149,7.939419022990336,7.942550306989887,7.945716667989615,7.951258015989339,7.954630030989648,7.959150047989482,7.963130289989721,7.967232532989868,7.970462690990104,7.9745796979900945,7.9777304559903826,7.983918693990262,7.989710538990124,7.997886703989906,8.001765738989974,8.006440750989867,8.011008871990299,8.015142649990395,8.019251104990218,8.022683493990229,8.025805904990165,8.02920163699011,8.035748171991116,8.042115209991579,8.045650019992053,
8.049231025992157,8.052647693991986,8.05784705299223,8.061455541991933,8.066919713992121,8.071435454991416,8.074821157992034,8.078136278992162,8.084774452992093,8.089159268992972,8.095111864993356,8.102255608993033,8.107167896992479,8.113851720992528,8.117047085992425,8.122748469992274,8.128021653991738,8.133483352991135,8.136726071991035,8.141686460990996,8.147637237991177,8.153000800991464,8.158263013991387,8.166654645991372,8.172862229991296,8.179082970991118,8.182421248991574,8.186624907991387,8.191699883991618,8.194857037991454,8.198715900991346,8.203968839991404,8.209678895991857,8.213934895991684,8.229083525991399,8.245575387991693,8.255318116991731,8.269858139991385,8.273543942991438,8.278727408991216,8.28265998899181,8.28794939299192,8.293305102991866,8.297193557991392,8.302302715991544,8.305768443991354,8.309288488991541,8.312821908991424,8.316168458991484,8.319409784991052,8.32499605399093,8.330156626991624,8.333867724991507,8.337832734991906,8.342925679992248,8.347985090992466,8.352778045992721,8.356511777993006,8.360935811993528,8.369044903993682,8.375515895993516,8.38038685099454,8.387682978994263,8.3930800509942,8.397513064993774,8.401661438993102,8.408354211993498,8.414023542993931,8.419437418993738,8.422716949993543,8.426870762993559,8.430287895993587,8.43418425799345,8.437495528993082,8.44098252699311,8.445779475993078,8.450334692993039,8.454671477993458,8.460229752993627,8.465865716993534,8.469964724993844,8.473593232993125,8.477455382993156,8.481470579993328,8.486380281993746,8.490353113994018,8.494009741994347,8.497084795994652,8.502985327994764,8.507255707994744,8.512180085994231,8.515574246994248,8.518773347993914,8.522200762993435,8.525269443993267,8.529033847993645,8.532150038993649,8.535929376993778,8.539954510993567,8.544549453993369,
8.54888121199403,8.553864159993992,8.55823195699432,8.563972788994334,8.568329379994196,8.572764773993782,8.57714509399355,8.5813588169934,8.585312821993142,8.58954549599352,8.59299276399318,8.596476345993239,8.601662269993227,8.606665880993063,8.6117918129938,8.616987679993969,8.620831837994018,8.62433711899368,8.629935736993986,8.635752875993575,8.6407186689934,8.645972346993148,8.65049685199287,8.655927521992993,8.66057595699263,8.665556294992854,8.670651337992894,8.67438130399293,8.679612911992734,8.684766318992928,8.69853536899305,8.71497076199276,8.724002725992847,8.728824375993185,8.733063093992968,8.73920969399282,8.742498771992558,8.749143263992522,8.753988251992297,8.759664346992423,8.7649644379932,8.771285738993441,8.774544234992817,8.777791169992526,8.784575196993075,8.787733743992561,8.79596509399218,8.801425867991469,8.804676977991079,8.809174717991624,8.81274471099195,8.817368337991894,8.820698799991959,8.824514350991961,8.829191925991239,8.833064986991218,8.838895802991573,8.845632326991023,8.848847615990763,8.8521756579905,8.855488674990369,8.859365828990207,8.863020704990248,8.866698708990072,8.86992490998992,8.873077024989726,8.878712494989742,8.882931087989817,8.888662980989551,8.89329844298939,8.89786024498963,8.902411789989372,8.906896978989295,8.909917596989459,8.914470956988708,8.91762733198928,8.926055761989431,8.930098671989668,8.936878766989395,8.940790335989078,8.944770924989342,8.948940621989294,8.952150388989168,8.957373304989261,8.962465687988953,8.96712864098859,8.973848995988618,8.979058282988461,8.9846461169885,8.98809807698845,8.993120103988161,8.997816461987753,9.0013962399876,9.006076708987479,9.010465994987356,9.015759134987576,9.020577610987658,9.023894274987896,9.027126262987878,9.030245740988136,
9.034920086988194,9.039076443988478,9.043142537988132,9.04699056498842,9.051039903988823,9.056220915989087,9.061105488989284,9.064400741989601,9.067756982989437,9.071488888988853,9.075669236988773,9.080971285988454,9.08755916798853,9.09189045698858,9.096495404988815,9.09991053998894,9.104416522988544,9.10754119398851,9.11335209498904,9.123372683989516,9.126596333989681,9.129669131989175,9.132788976989076,9.143401324989355,9.151752378989642,9.158141221990178,9.163982689990547,9.168253616990313,9.172627706990482,9.177468994990448,9.184373998990367,9.187944144990553,9.195020767990883,9.199093000991212,9.204347646991295,9.209612739990888,9.21306298199093,9.219607268990757,9.226607484990637,9.230145415990677,9.234289390990881,9.238680154991613,9.244911385991855,9.250642031991987,9.255969631992201,9.261513023991682,9.26731850099199,9.274263838992425,9.279020204992179,9.283963710991856,9.287237182991902,9.291165953992362,9.295478601992187,9.299595583991533,9.310188782991332,9.325665796991558,9.340694309991733,9.345405394991616,9.348522975991642,9.35165657199164,9.35606635799141,9.360479587991193,9.365935562991325,9.373210725991015,9.382170738990993,9.386120426991937,9.39214084699151,9.396868122991492,9.401325612991656,9.404801404991616,9.410502128991396,9.41447350799129,9.41833520399129,9.422949192991013,9.431310209990812,9.43712083799059,9.443119270990422,9.448050682990669,9.452550985990712,9.456500311990538,9.462916208990492,9.467697608990676,9.474329042990206,9.480068631990065,9.483127268990046,9.492989927989612,9.499343682989632,9.502910282989404,9.507736343989308,9.512384617989454,9.519186246989165,9.522679873989404,9.525874912989167,9.529035493989255,9.534554772989026,9.537942329989136,9.542067453989233,9.550320746989513,9.560715459989837,9.56664380099059,
9.570621383990243,9.573790070990668,9.57726096699028,9.58235807998986,9.587212154989942,9.5914749409894,9.596731943988942,9.600316227989225,9.60540802198878,9.609927634988736,9.614302287989204,9.618211281988266,9.622763798987734,9.6259663759881,9.629134496988144,9.632474312988535,9.635715709988546,9.638921891988929,9.642084230988957,9.64581996198919,9.649324646990436,9.652809584990536,9.655929295990433,9.659306993990384,9.664898478990295,9.670479020990598,9.675415013990374,9.680013435990219,9.684467697990186,9.689027850989902,9.693774709989583,9.698069957989816,9.70226202899019,9.706827930990386,9.710173421990504,9.71438486899055,9.720436876990362,9.723690194990212,9.729647073990435,9.732892450990818,9.738145580990732,9.741884472991245,9.746645123991385,9.75050454599156,9.754172578991103,9.762664902991247,9.768741742990727,9.77381166299071,9.776969515990373,9.784234989990495,9.789502332990281,9.794334182989843,9.799280886989976,9.804782528991012,9.809201138990687,9.812627727990872,9.817625354990952,9.820852128990595,9.825602165990773,9.829648566990812,9.834373041990517,9.839701368991001,9.84503997499084,9.84980677599063,9.853016234991088,9.857262036991273,9.86252333799078,9.867263565990783,9.870655436990688,9.873809293991116,9.880011936990883,9.885509197991752,9.889281546991839,9.89391166399193,9.89770111099213,9.902884733992124,9.906268159992038,9.91267361499203,9.918601504992608,9.924757021993088,9.928014661993444,9.93221642499364,9.936409532993508,9.942115581993477,9.947073615992934,9.953737161992848,9.957106568992998,9.962811453993112,9.96607532699349,9.970972041993463,9.975088120993718,9.978971107993885,9.982410364993797,9.985704053993771,9.990395072993493,9.993660670993592,9.997634445993725,10.0011779139937,10.00443013299386,10.007571439994052,
10.011037851993734,10.014302906993322,10.018173528993628,10.021628686993239,10.026354377993272,10.031044351993131,10.035725252993217,10.039714920992793,10.043982814993257,10.048013219994147,10.05213464899444,10.056479389995019,10.06118172299469,10.066193725994793,10.071027657995188,10.075595795995781,10.07934041299606,10.083379805995634,10.088096486995454,10.093478683995357,10.097671004995078,10.102374883994656,10.106548259994526,10.110050312994673,10.113253722994415,10.116562134993927,10.122904760993634,10.127343074993718,10.13318725799374,10.146171970994004,10.163996617992979,10.170837011992631,10.1794844849924,10.18557711399248,10.190435455991945,10.193681535992226,10.197005562992473,10.200151153992323,10.203433662992069,10.206898381992204,10.210179559991701,10.213453900991539,10.21747521699146,10.221323364991207,10.225477294991578,10.229157903991705,10.232336207991722,10.235329738992135,10.239015923991957,10.242360248991503,10.245628669991305,10.249253175991356,10.252873753991622,10.256437269991267,10.259846952991353,10.263598140991093,10.267815972991201,10.272941268992128,10.278072818992172,10.284995995992034,10.290634474991833,10.295649449991885,10.300431365991614,10.305253221991649,10.310597644991873,10.315880066991696,10.322632648991458,10.341012701991673,10.349981582991319,10.356301475990819,10.362974462991048,10.36714098799061,10.370910074990292,10.375170632989438,10.37967125298897,10.383793920988666,10.387340900988733,10.39137163698851,10.395960842988615,10.399425070989054,10.403692316989265,10.407282151989051,10.412096604989785,10.417042734989906,10.422422575990453,10.426498998991093,10.430633206991189,10.434847302991187,10.439103556991228,10.442546261990998,10.445978576991166,10.449454519990951,10.452945129990752,10.45684128799084,10.46015945699017,10.463515987990519,10.468180768990436,10.473038777991036,10.481020416991981,10.487550952992507,
10.49355178499249,10.498773698992437,10.505393185992403,10.510783372992108,10.515771871992428,10.519876488992082,10.52454801799226,10.529126872991952,10.535606660991931,10.539243431991537,10.548620705991397,10.552283180991623,10.559013457991313,10.562958827991139,10.569598903990965,10.573216648990496,10.581794816990765,10.587364562991155,10.592923682991767,10.5965181369925,10.600524301993431,10.606921287993629,10.612686562993275,10.629547704992632,10.637326433993138,10.648148847993156,10.65567764099356,10.660239151993977,10.664945343993878,10.66992472299333,10.674956642993635,10.68021657599408,10.68423841199413,10.687860740994125,10.69135455899422,10.69475037799404,10.698403010994554,10.701879945994136,10.705508406993971,10.710295137994677,10.715017206994304,10.71897863199419,10.723060603994526,10.728045069994408,10.731979133994543,10.735656747995023,10.739196443994928,10.74476665799503,10.748211701994904,10.754056494994956,10.757841140994998,10.764871437994742,10.77104541399521,10.775822750995388,10.781671072995579,10.788690624995837,10.79451366299591,10.803966065996093,10.809016565996188,10.816879458995373,10.824581525995,10.831043003994836,10.83574346699507,10.840878657995546,10.844889730995163,10.849049720994941,10.854542327994778,10.8594014599947,10.863732192994888,10.86814383399522,10.875017975995064,10.879559917994897,10.88422299199496,10.888912391994864,10.893260373994877,10.897561924995017,10.906525384994922,10.911654789994913,10.915533339995278,10.919115021995395,10.923221929995606,10.929951205995195,10.935007688995512,10.940314936995804,10.944839983995479,10.95283170999582,10.95783808099506,10.965236819994999,10.970937250994695,10.975359702994723,10.978946324995292,10.982331453995215,10.985747103994669,10.989152113995118,10.993358443994936,10.996916313995115,11.001753401995444,11.005926065995737,11.01046665999516,11.01521489399542,
11.020357654995081,11.024281228995534,11.030561756995809,11.038021788995508,11.06656819499571,11.073714912995825,11.077908781996342,11.082295659996106,11.085884758996059,11.090096858996873,11.09520524199732,11.099592654997224,11.10487016199616,11.112269360996066,11.116908816996471,11.120685940996708,11.124225237996853,11.127945731996505,11.131489716996242,11.135112927996346,11.138599533996484,11.142630214996387,11.14635291599663,11.152498779996193,11.157476918996196,11.162352458996253,11.16714394099668,11.17087176599702,11.177136878997175,11.185508745997112,11.18895217999679,11.194758811996707,11.198245990996696,11.2033319939965,11.207302703996135,11.211779895996102,11.215263540995949,11.218717546995748,11.224005057995697,11.227891667995976,11.231693700995748,11.235358702995285,11.239978108995302,11.24455928799577,11.251490320995373,11.255875206995967,11.260054210995548,11.265160343995518,11.269176695995696,11.274692414995883,11.278323181996342,11.281966858996242,11.285571278996343,11.289231338996188,11.296145380995966,11.300163063995939,11.30418511699591,11.308194335995978,11.312324333996884,11.316501153996825,11.32116887899653,11.325191899996327,11.329184112996558,11.33289150999613,11.33756689699564,11.346066324995633,11.354568532996012,11.359842697995674,11.363925318995797,11.36742512099542,11.371051383994626,11.374686833994275,11.378212965995118,11.382100707995363,11.385758673995298,11.396363535995675,11.405124167995922,11.410402302996118,11.413906788995945,11.41744853199603,11.420878521996059,11.424274486995927,11.42815854899672,11.431515203996497,11.435507469996395,11.439159679996493,11.443705797995591,11.447691546995685,11.451466613995507,11.455371263995602,11.459260654995632,11.463796471995948,11.467722362996,11.471513937996491,11.475416363996004,11.479157268996147,11.483299563995928,11.4867958929959,11.490415841995713,11.494078517995462,
11.498444273995489,11.505444540995114,11.51116306199495,11.514787856995468,11.5195095529958,11.523371190995562,11.52767328399537,11.531273714995535,11.535378546995133,11.538940059995383,11.542777061995906,11.546341186995988,11.550279682995978,11.553764581996205,11.559224969996166,11.563373964995861,11.567940296995886,11.571987289995747,11.578318994995612,11.58206687699564,11.587363229995873,11.59199531099577,11.610190317995233,11.628845281995638,11.63399637399587,11.637425063995835,11.641328999995864,11.644915076995602,11.64931426899571,11.65374813699654,11.658043464996098,11.662674632996271,11.667004525996475,11.67195183599594,11.676388275996118,11.680494512996432,11.684053070996782,11.68745766099724,11.691081190997153,11.694429753997127,11.698208296997251,11.701724114997745,11.70619667999759,11.711555361997881,11.728305007998557,11.746420555998583,11.752798905998787,11.756514159998659,11.760045180997764,11.768327890997824,11.771761682997948,11.777753796997757,11.78348198199788,11.788335091998164,11.801028638998247,11.811142710998155,11.819043479998157,11.822623023997693,11.828629585997788,11.834204862997439,11.84677846399731,11.862785978997266,11.86704441499731,11.870440229997286,11.873797693997375,11.877258482997405,11.882855514997829,11.887309174997284,11.89112048699755,11.894684130997888,11.898045823998615,11.901483349998813,11.904950561999016,11.908654833999009,11.919390505998848,11.923773459999353,11.927129077999297,11.930688937999065,11.934149153998845,11.9387461279982,11.942625333998052,11.947203593997898,11.95112439899711,11.95504449499677,11.958759199996479,11.962625343996564,11.966258801995622,11.969780095995219,11.973377262995172,11.976968625995113,11.980779831994624,11.984696820994856,11.991881115994858,11.995826130994743,12.000921057994475,12.005125980994393,12.00988997699389,12.014480399993971,12.021047957994,12.039155022993413,
12.047312548993517,12.051723796993628,12.05621827599353,12.059789320993815,12.063530917994143,12.067427406994256,12.071133919994026,12.074629852994093,12.078215983994056,12.081673822994247,12.085219127994293,12.08977925499417,12.093786021994646,12.098079132994911,12.10265271099476,12.106828449995277,12.110984397995963,12.11518002399552,12.120007149996042,12.12435659399668,12.128795194996968,12.13317524199718,12.137279178997659,12.141226584997497,12.14647026499685,12.149871180997053,12.158278607997346,12.175637213997248,12.190458385997232,12.194366768997753,12.198151029997547,12.201812090998061,12.206290715997653,12.209970164998055,12.213379423997736,12.21679611999727,12.22028360099685,12.223765742997017,12.227144247996904,12.230667577996627,12.234693379996969,12.238238266997342,12.24178139599789,12.245297960997135,12.248651810996847,12.253367352996321,12.257309891996584,12.261240251996554,12.265034464996148,12.268870381995697,12.272445940995766,12.275790433995866,12.279560929996222,12.28617157999625,12.291677367996073,12.29545340199607,12.299077214995549,12.302435792995283,12.308613721995386,12.313480292995933,12.319161126995851,12.325368495995832,12.331674720995323,12.338552551995832,12.346536379995513,12.35145319399507,12.35769875399464,12.361460393994633,12.369710817994275,12.376840735994193,12.392056252994081,12.40949586299476,12.418760862994276,12.425481672993698,12.432300616993842,12.436949642993824,12.440844287994167,12.446162711993821,12.451755734994464,12.459949406994753,12.465059016994672,12.4781878659945,12.487257129994674,12.49480112799435,12.510486633994248,12.519863907994392,12.532731568994365,12.540006314994713,12.547018898994423,12.550761259994118,12.554450697993815,12.55783483499377,12.561281125993816,12.566413923993565,12.57009985999386,12.573721942994126,12.577835805994397,12.581642395994578,12.587245601994852,12.591690068994382,
12.598894780994414,12.605471190994564,12.60900061599446,12.614082464994539,12.619087836994396,12.62282656199423,12.626013830994935,12.629608603994512,12.633677115994175,12.637808271994203,12.641854233993996,12.645585007994413,12.64874201299412,12.652035268994297,12.655901796993845,12.66788690599364,12.682881988993387,12.687264731992997,12.69118486099265,12.694443426992933,12.698165765993082,12.701601417992634,12.705382806992617,12.70905830099261,12.712529328992701,12.715990969992987,12.720270670993244,12.724687865993104,12.728082867993095,12.735141950992926,12.745200619993597,12.749787551993705,12.75325666299446,12.75683497399487,12.760281762994993,12.764066838995205,12.76726611399593,12.770587087996688,12.773807774996698,12.777076711996614,12.780347618996558,12.784959166996686,12.78876401199696,12.79265645899639,12.796295777996562,12.803378096996909,12.806744702996724,12.811680767996364,12.815530487996483,12.82049695899704,12.823965289996721,12.82722526899667,12.83047358299686,12.833883038996902,12.837020098996362,12.840775818996377,12.843940974996798,12.848005305996338,12.85194321099678,12.856286332996405,12.859903665996598,12.863301829996686,12.868190602996464,12.87190405499635,12.87817767699616,12.884535823995947,12.889968628995888,12.893604983996028,12.899249677995925,12.90829831299581,12.912312119995619,12.917336030995529,12.9206288279955,12.923923828995868,12.927314274995894,12.93088754799632,12.934291519996435,12.937618830996854,12.941029326996755,12.94452441099665,12.947807351996374,12.950895426996482,12.954254906996454,12.95743225899659,12.961915103996574,12.965192780996489,12.969275530996384,12.972467418996445,12.977674913997163,12.981202200997217,12.984700281997476,12.988391236997558,12.992175598996965,12.995959881996924,12.999614476997039,13.003210312997084,13.006494820996835,13.009688222996857,13.013604522997213,13.017907576997658,
13.024097246997513,13.031392278997515,13.034726540997696,13.039963605997258,13.044144874997045,13.047759514997125,13.05106092999776,13.05442148899769,13.068137197998482,13.071785133998134,13.075119358998137,13.078523913998623,13.082284618998727,13.086005174998348,13.089752978998064,13.093452596998105,13.09718198999829,13.10442734199816,13.107730389998181,13.112925422998359,13.116538461998658,13.120398095999263,13.123955948999509,13.133175738999313,13.13668374099936,13.14063379899872,13.144524215998644,13.148327975998512,13.15189733299863,13.1553384989991,13.165241249999866,13.173761629999973,13.1773199080001,13.183081473000271,13.190817603999761,13.205275773999716,13.222030770999794,13.227420320999471,13.230878644999933,13.234290648999348,13.238085820999316,13.241404051999353,13.24512221299986,13.248441119999512,13.25218680199967,13.257582699999574,13.26093126299989,13.265747792000212,13.26884440800032,13.27266086300088,13.276005224000727,13.279305600001209,13.28270514200105,13.286007897001383,13.289152492001023,13.292317858001383,13.295610222000988,13.298764235000732,13.302120217001033,13.305261291001528,13.308765470001134,13.311791929000407,13.31482662800002,13.31790782099992,13.320990604000002,13.347930054999807,13.35275525999944,13.357091726999585,13.361296684999132,13.365967973998949,13.37003266799897,13.373284277999488,13.380557607999123,13.384646488999039,13.388605825998667,13.392807790998035,13.395989126998273,13.399375681998237,13.402701801998234,13.40579786399806,13.40894124599825,13.412258994997984,13.415486099998219,13.418595649998537,13.432990227998033,13.437046004998223,13.445311422998174,13.449198038998048,13.453673983997732,13.456864808997892,13.460765602997611,13.463953279997526,13.468156438997624,13.471645860997825,13.476825057997956,13.480091301998044,13.483826939998238,13.487073174998415,13.49187209599856,13.495575236998349,
13.500541786997957,13.505044224997931,13.509225943998302,13.512693915998142,13.516949529997504,13.521015455997798,13.524868334997876,13.528000497998136,13.533804360997891,13.537558272998155,13.54138232899848,13.545212547998545,13.55585403599801,13.560642302998275,13.564194753998237,13.567591042998032,13.571704576997803,13.575010324997976,13.57859873699752,13.582912211997808,13.588826451997392,13.592525867997352,13.595814381996746,13.599632574996548,13.611434953996906,13.63032651299713,13.634480552997076,13.637864255997073,13.641986461997277,13.645423197997133,13.6501249719972,13.654206779997168,13.658189015997635,13.662262635998076,13.666510947998034,13.672595869997707,13.676796530998132,13.681586094997584,13.68557706699741,13.689892563998143,13.695459258997715,13.742116184997911,13.752324497997137,13.763096148996937,13.773924026997662,13.779306145997936,13.78420331099781,13.788646805997672,13.792585711998044,13.796632308997829,13.800266769998274,13.805705198998197,13.809441895997821,13.81383049199789,13.818262203997648,13.822361788997938,13.826203062997848,13.830359609997771,13.835364023997585,13.842157142997536,13.846534839997588,13.851497980998062,13.858304604998153,13.86424822599858,13.870706200998399,13.876158455998251,13.880070754998115,13.888311436998123,13.89356250599829,13.899032764997827,13.90463789599815,13.90878891699785,13.912957687997647,13.919190338997652,13.927406040997397,13.932799717997653,13.94093201199766,13.947466235998178,13.952293704998254,13.956711482997406,13.97180223099744,13.97619540299766,13.981107332997766,13.988750278997685,13.99520235599718,14.00143310599671,14.005782221996839,14.009730667996706,14.014214461996033,14.01758048999588,14.022602442996089,14.026998411996686,14.034536906996351,14.044587897996934,14.047827019996902,14.05309208299704,14.056917064997464,14.060423597996959,14.063959511996671,14.068504576996048,
14.073842007996433,14.081049410996883,14.085907993996358,14.090138946995836,14.095579498995932,14.101053363996101,14.108639459995885,14.115586541995839,14.120304097996126,14.126101229995896,14.131047905995757,14.136980847996,14.143101577996646,14.147521191997413,14.150784866997213,14.15437429999659,14.159147827996179,14.163328360996076,14.166726849996309,14.170006843995424,14.173298060995563,14.176902523995665,14.180406708995207,14.184161107994356,14.187551708994391,14.191049083994443,14.194519550994613,14.198205262994435,14.201417990994713,14.205456986994676,14.208874444994734,14.214193428994719,14.21759451699458,14.220849695994644,14.224063194994784,14.228139273994515,14.231888874994667,14.237444968994254,14.240716296994691,14.244002434994144,14.247359376993955,14.252797925994201,14.256249855994582,14.259578409994475,14.263073453994963,14.2666654679945,14.269905207994583,14.273143101994918,14.276454347994758,14.279786284994515,14.284097517994297,14.28822148799398,14.292072370993566,14.2975774589938,14.307783635994241,14.31310381299474,14.316873046994687,14.321850128995123,14.325812570995225,14.329704953995389,14.333856695995024,14.337571835995078,14.341840427995436,14.3449638829957,14.349417830995463,14.353211753995112,14.35826348099485,14.361643417994884,14.37342866199495,14.378038356995063,14.382920585995265,14.386829657995207,14.392035210995715,14.395282322995314,14.39885788399502,14.402705709994876,14.406214245995187,14.409438861994914,14.413291155994983,14.417214586994845,14.420955548995352,14.425541393995701,14.428990396995601,14.435093087995739,14.440899940995251,14.444489750995245,14.448381308994755,14.45195791299497,14.455549231995434,14.458715259995387,14.462340344994772,14.465647965995089,14.471145611995127,14.477302939995212,14.481122808994911,14.487660720995251,14.490925713994983,14.494798836995102,14.50209075799566,14.506049351995301,
14.510439787994898,14.51400461299508,14.519470344995256,14.522874118994963,14.529475121994807,14.533631705995191,14.537112995994875,14.54093504499511,14.544477684994689,14.548445868994776,14.551884180994222,14.555950944994123,14.559413430993885,14.564181507993993,14.567986959993874,14.57269722299398,14.576190128994114,14.581427417993865,14.585127899993523,14.588900781993146,14.592418721993425,14.596405155993835,14.600498568994084,14.604188435994416,14.609171542993664,14.612777662993352,14.61674823199408,14.620151125993488,14.623785324993747,14.628470792993397,14.634927031993158,14.6410029479932,14.645188841993303,14.655990555993213,14.662599414993707,14.667648383994532,14.676465702994193,14.684931096993893,14.688342115994118,14.699181084994024,14.702504814994171,14.705781121993795,14.709047954993395,14.712410362993381,14.715609086992998,14.718815423993107,14.722059643992992,14.72535287099251,14.728668755992913,14.732423280992606,14.735610898992235,14.740181995992174,14.744318237992076,14.748790098991918,14.752959941992941,14.757107754992518,14.76085674899312,14.764156592993146,14.767737903993378,14.77323503699344,14.777464949993231,14.790450783993236,14.806956322994182,14.817838798994188,14.821428475994338,14.824784394994396,14.828022112994091,14.8313472009946,14.834740137994487,14.838052481994254,14.841557347994154,14.844971842994681,14.849279096994138,14.852816051994324,14.856467429994353,14.859923539994696,14.864357264994766,14.86921627299509,14.873183674994863,14.876942042995239,14.880460022995152,14.884241833995162,14.8877477929951,14.892054404994866,14.895334404994543,14.900745975994909,14.904250661994439,14.908169092993916,14.911561290993944,14.914841765993486,14.91814331699399,14.921852415993754,14.926285059993887,14.930673535993748,14.935223527993656,14.940511650993614,14.944949172993375,14.949840335993628,14.953942332993421,14.958107101994273,
14.967591002994112,14.972771315994152,14.97752137099397,14.981944806994449,14.985888957994092,14.989407406994559,14.993538991994825,14.99758338999473,15.003053441994297,15.007929865994157,15.011760555994357,15.01650479199455,15.020319513994451,15.023709680994585,15.027243435994563,15.031109573994655,15.035656130994397,15.039285414994112,15.043564299994188,15.046790093994417,15.051493941994494,15.055366045994418,15.059193734994636,15.062472214994358,15.067721463994104,15.071677463993552,15.075168160993002,15.082044108992733,15.088071175993235,15.093640639993708,15.098354592994127,15.104925721994249,15.108646749994222,15.112006475994548,15.116109342994292,15.119798742994277,15.123834435994382,15.128381322994443,15.132982280994582,15.137686920994753,15.14321256799488,15.14868580399505,15.152285782995449,15.15586274899519,15.15943056299514,15.16372497899468,15.167356275995104,15.172821254995625,15.17619373499494,15.18089514599481,15.185614478994438,15.189801517994823,15.194767568994365,15.198238426994891,15.20166475799553,15.20488171099558,15.208225008995356,15.211553805995123,15.214904361995451,15.219752557995179,15.223803284995455,15.2280955809957,15.231306850996049,15.234897754996013,15.238161161995748,15.243282810996192,15.247373922996502,15.251458266996536,15.256218870996548,15.26010581799639,15.264162972996445,15.267512387995879,15.27398926599588,15.278108253995782,15.281628943995969,15.285566243996385,15.289849733996817,15.293796259997094,15.297061446997333,15.30143209099802,15.305638239997876,15.309778702997988,15.314214161997853,15.318567415997705,15.324005901997708,15.327355826997433,15.331351184997544,15.334922340997792,15.338964716997765,15.342357950997183,15.34657450699703,15.349860230997109,15.354073494996982,15.359901910997195,15.364388707997165,15.369694270996973,15.373648979997228,15.376967221997091,15.380967848996562,15.384392542996551,
15.388729714996458,15.392825611996301,15.396199706995702,15.399611176995876,15.404407220995978,15.40812297399529,15.411466596995666,15.415088852995979,15.420204017996213,15.42419200799631,15.429076486996195,15.433623248995644,15.436837232995316,15.440354213995164,15.444799450994395,15.448417709994175,15.451787985993548,15.457853568993556,15.461457102993819,15.465060532993817,15.46837344199352,15.471834369993616,15.475447471993874,15.479078176994193,15.483135220993773,15.486833947993972,15.491810194993974,15.495622644993858,15.499834035993985,15.50498667699398,15.508577775993928,15.512911804994218,15.516262872993906,15.521268773993967,15.525006442994055,15.528823072994356,15.532246500994603,15.53573932399442,15.539646656994279,15.543433264994036,15.5494226769936,15.553159074993886,15.556910645994122,15.560380149994131,15.56370502499388,15.5670352159934,15.570617135993729,15.574843099993785,15.581832685994272,15.589440658994505,15.596562158994715,15.602211456995377,15.605446513995474,15.608678474994775,15.611910860994584,15.615116390994245,15.619090595994095,15.62354485099408,15.627493024993981,15.63161803999381,15.635652057993667,15.639100104994128,15.64350968799394,15.647296950993876,15.651888009994053,15.657411525993922,15.6607025619941,15.664314487993835,15.66783452399423,15.671383016994383,15.674686382994224,15.678762479994617,15.682507605994743,15.693039138994692,15.697552090994606,15.700880232994479,15.707241629994684,15.712111392994899,15.717080979994847,15.721442106995056,15.725667917995082,15.72915709999549,15.734506844994854,15.738326830994737,15.741976742994922,15.745348246995178,15.751143163995238,15.755410450994844,15.758827299994863,15.763947872994748,15.767642857995241,15.773828505995112,15.7821198869959,15.786169137996154,15.789411528996283,15.792866190995966,15.796582095996172,15.800892801995275,15.804773542995207,15.808661374994898,
15.813833619994767,15.817389925994547,15.82240607399413,15.82783880699455,15.831459389994421,15.835624470994418,15.83970463799497,15.843151908994884,15.84656141299493,15.851244952994563,15.854705640994695,15.858413471995192,15.862605399995658,15.866486660995378,15.872088222995188,15.878110390995317,15.882310139995155,15.885632933995595,15.889216719995744,15.894780153996322,15.89824848799563,15.904005965996049,15.90820900899567,15.911721794995884,15.915472621995917,15.918905116996172,15.92299336099623,15.926260304996305,15.930357811996117,15.93401624699581,15.937946680995907,15.941380999996596,15.944937394996913,15.94877536999681,15.952660480996343,15.956154425996232,15.959404375996115,15.962829268996046,15.971013211996393,15.977256780996385,15.983204990996711,15.989056978996615,15.993044960996684,15.9974009809969,16.000878063996566,16.00469028799668,16.008617019996763,16.012226604996755,16.015527774996798,16.02059080099687,16.02753860199695,16.034572946996917,16.038026889996985,16.04144773099719,16.04484475499723,16.048934316997105,16.052282509996786,16.05577147199702,16.059090716997133,16.062748554997285,16.065956452997767,16.069386684997284,16.072872732997524,16.076984867997595,16.080639672997705,16.08458308599799,16.087786199997623,16.09161453199775,16.095333582997654,16.098720129997986,16.102076735998338,16.105859544998765,16.110280747998644,16.113665906998534,16.118307454998586,16.121974223999047,16.125653108998762,16.128925685998325,16.132628841998468,16.14009665599852,16.143840346998417,16.148869937998057,16.154553098998207,16.158162856998473,16.161566029998227,16.165005165998508,16.171915307998546,16.17713712999833,16.180667904998216,16.187056300998705,16.192644249998324,16.195867970998762,16.20355062299913,16.206827545999346,16.210368518999275,16.214962316999646,16.218649564999595,16.22302267299935,16.226436189999646,16.230363965000237,
16.235536428000415,16.239340287001,16.24398597700079,16.250468556000186,16.25487197199996,16.258741213999457,16.262822654999724,16.26657734599914,16.27375580399874,16.277402937998744,16.28126295799862,16.284676714999165,16.290616142999085,16.293971854998887,16.297430767999487,16.301750623999368,16.30568896299914,16.324650737999747,16.328481636000078,16.332011167000275,16.335371890000346,16.338542359000627,16.341761313000603,16.345123626001026,16.348970822000837,16.352294524001223,16.35665287000151,16.36009172400159,16.363608233000974,16.366902094001006,16.370334618000385,16.37438454699989,16.37790292499946,16.381544579000405,16.38550069700065,16.389860614000128,16.39456293799995,16.397797817000622,16.401138069000154,16.40440674000004,16.407837824000154,16.41152147200026,16.415746383000823,16.420148904001593,16.424130557001803,16.431698384002146,16.435687564001768,16.439546359002208,16.44318251800226,16.44711940200213,16.450371097001863,16.45366149000202,16.457151788002164,16.462758085001752,16.469215550001564,16.474522198001836,16.4781284300021,16.481491040002112,16.48471079900216,16.488552529002078,16.49196247900224,16.50721923000245,16.522501681002296,16.53989616300217,16.54330886200225,16.54720839400224,16.550665294002187,16.553818319002374,16.557631208002505,16.560858736002018,16.5646869460015,16.567849115001792,16.572373139001883,16.57672434700143,16.580386040001457,16.583809610001907,16.587580697001926,16.59281922800247,16.597922050002495,16.603322861002567,16.60866538700256,16.612424716002664,16.615670975002303,16.619269833002562,16.622590757002257,16.626409670002573,16.62969476100281,16.637152790003057,16.641378021003135,16.645255177003236,16.650167129002938,16.65445908300282,16.65770735400318,16.66205326000332,16.665476934003237,16.6691356700031,16.672429171003017,16.676254518002935,16.67957098000275,16.683254398002845,
16.688446395002728,16.692671437001962,16.696324942002292,16.699843183001946,16.704060915001918,16.708432811001927,16.711908880001914,16.716080674001915,16.719788866001664,16.723229151002016,16.727085104002157,16.73135584300249,16.74327335800311,16.74729588500267,16.750593840002665,16.753845247003284,16.75779176200328,16.76149210200279,16.76537295100283,16.768616148002735,16.77353032800326,16.776841274003203,16.78025426500315,16.78413758000292,16.78878719500264,16.792750207002115,16.796765158002046,16.800464434002123,16.803911099002136,16.807449397002046,16.8116416030023,16.81542781700145,16.819148632001003,16.822620030001104,16.826664495000983,16.830565792001067,16.834103794000754,16.83785907500115,16.841542812001563,16.845597209001227,16.848844452001146,16.853241067001107,16.85673068800085,16.86052397000057,16.86416759799991,16.867936158999925,16.872283520999844,16.87559627199991,16.879961948000158,16.883671466000095,16.88700571099926,16.890398322999403,16.89424273099914,16.898121577998523,16.901333591998394,16.90546927899848,16.916034366998787,16.920306521998754,16.924271008998545,16.927963135998226,16.931549434998686,16.935329612998686,16.93873866599833,16.942469039998144,16.94623715999799,16.951082879997642,16.954838104998345,16.958781759998402,16.96220597999846,16.965719747998577,16.96981455999898,16.973954459998794,16.9773600359986,16.980845010998138,16.984845073998798,16.988168855998907,16.99156296899909,16.995723388999323,16.99934717799917,17.005188894998554,17.00912972499802,17.012743632997825,17.016854056997232,17.02080080599731,17.02521326799686,17.028430584996812,17.03162077799678,17.03503884899655,17.03890318699692,17.042132600996837,17.045648977996535,17.049930045996604,17.053708128996476,17.057200196997,17.060336925996722,17.067112663996824,17.071584881996472,17.07548247899669,17.078911430997067,17.082169529997344,
17.08630868199762,17.091404941997297,17.095255024996874,17.098961015996366,17.102781283996734,17.106893498996868,17.11063915599695,17.114587632997342,17.11853233899697,17.12200221799688,17.12567930599718,17.130144727997248,17.1335117079972,17.13827058799737,17.141923573997843,17.145710089997948,17.149038507998313,17.15239255599792,17.155921715997664,17.159597366997247,17.16493069999686,17.168505102997045,17.172337393996685,17.178560504997023,17.18206954899719,17.185819950997114,17.189611995996955,17.19303420299687,17.19745383499722,17.20191716299692,17.205271488996885,17.209425342997434,17.21279384499772,17.216531042996934,17.220083904996642,17.224203841996285,17.227421299996337,17.23074093399677,17.23473182699692,17.23853106199678,17.243554316996352,17.24732803899613,17.25110600099569,17.254500891995775,17.258360668995778,17.26218874799534,17.265405618995175,17.269119773995016,17.273152825995254,17.27679445099497,17.28001708099461,17.28370065299478,17.287857136995257,17.29098181199535,17.295356202995293,17.299091073995243,17.30231000599568,17.305462421995202,17.30911013099515,17.313443426995065,17.316656139994535,17.320987702994927,17.328197669994807,17.332221143995156,17.33592298299547,17.340115172995496,17.343371734995998,17.347198656995516,17.350704859995147,17.35428815099519,17.357461770994945,17.36109414699493,17.367698775995535,17.372600919995676,17.375888322996303,17.380425583996526,17.384086099996495,17.387549834996463,17.39113772699696,17.394770946996715,17.398439762996787,17.401641515996943,17.405785592997375,17.409391432997694,17.41267134099749,17.4164563139972,17.420113018997,17.425021371996735,17.429157316996424,17.432402665996193,17.435648158996145,17.4394178449962,17.44332831499625,17.44695080199628,17.45101982899652,17.454532585996645,17.4580825299968,17.461255357996578,17.46522013699652,17.469184334996754,
17.473240192996826,17.47770524499728,17.48109696099769,17.485553992997865,17.4894237349981,17.492902302998317,17.49668824399916,17.500770116998666,17.504028262998446,17.508565789997846,17.512285771998137,17.51562986099802,17.518961818997326,17.522886152997245,17.526811677997415,17.53017448899729,17.53382620799701,17.537263408997404,17.54286505499752,17.547525414997523,17.550808500997874,17.55442662199752,17.561511176997982,17.564850044997883,17.56800932499769,17.5717008079977,17.580127105997775,17.58361379199792,17.58749498899803,17.59182249699856,17.595522061998764,17.5995743829981,17.60264793999798,17.60646799899726,17.609870616997483,17.613389604997764,17.617611466998056,17.623791979997776,17.627521320998056,17.63120054999783,17.63756418399757,17.644062628997943,17.64734650099777,17.65093023099766,17.655160798997628,17.65873506599766,17.66366529499774,17.667328886997524,17.67068293999759,17.676319537997443,17.679514594997357,17.683107731997126,17.68677867199719,17.69022453799724,17.693928427997292,17.697717213996697,17.70386705399656,17.707351739996312,17.71103712899665,17.715805362997145,17.719020979996714,17.723686126997023,17.72702609799714,17.730369347997083,17.733847819997806,17.739685928998455,17.74544720099928,17.749595453999206,17.753178450999116,17.756651720998576,17.760211460998647,17.763477253999127,17.7675125359996,17.771098659999694,17.774760694999685,17.778022437999624,17.783033683999378,17.787265094999015,17.79053455799854,17.794287219998722,17.798076204998637,17.801420105998574,17.80494035099818,17.80843697399777,17.811964391997464,17.815276809997187,17.821748101997542,17.825560235997017,17.82894183799712,17.83273768899673,17.837271657996638,17.840400917996448,17.844660454996102,17.84811167899639,17.85157880299616,17.855699462996,17.859470106995985,17.862694897996136,17.86597332099646,17.870257558995746,
17.876888599995397,17.880767175995544,17.88467839499478,17.890189311994646,17.89477999599464,17.898285560994424,17.903200093994798,17.906421487994834,17.91022264299508,17.9138478559951,17.9176857419952,17.921364527995337,17.926347093995247,17.92992288099552,17.933216644995554,17.936478348996133,17.940470331995385,17.94417735299524,17.94791311199546,17.952763569995028,17.956121178995176,17.959906681995022,17.963717613995442,17.967033064995547,17.97558011799609,17.979040953995792,17.98280232299581,17.986077870995445,17.98970338599557,17.993681340995494,18.004224117994937,18.01204108299501,18.01616594799603,18.021268698996465,18.02518811599677,18.028746303996826,18.032212149996923,18.03655893699718,18.040210382996833,18.043501239996004,18.04719014199648,18.054857617995623,18.058345784995055,18.062687604995205,18.06612749199533,18.069536114995884,18.07301046899633,18.076640690996584,18.080450802996637,18.084295148996006,18.088385864996184,18.091784620996435,18.095503235996063,18.09998760999602,18.103296497996013,18.10723616099594,18.11110858299557,18.114477014996027,18.118707386995794,18.122241950995516,18.126712951995472,18.130328456995443,18.133604451995467,18.137594068995412,18.14104951199559,18.145053675995626,18.148203611995513,18.153326978995125,18.15767801599557,18.16122648899571,18.164515981995834,18.1679273209962,18.171793227996062,18.17598479399598,18.179207643995397,18.182919190995364,18.186543442995088,18.189810333994814,18.19394432799524,18.19754750499564,18.2018673979957,18.205645074995658,18.209191370996137,18.212562457996427,18.21628133199576,18.220321435995942,18.22361586199625,18.226794607996425,18.230425929996755,18.234139686996542,18.240119465996514,18.24380143099674,18.24725785799663,18.250785039996828,18.254617207996688,18.25825318499639,18.261991811996353,18.265712416996365,18.26891054199629,18.27514963599654,
18.280036842996452,18.285784090996827,18.28921581099658,18.293645060996226,18.298316808996134,18.30162222199604,18.30540057299649,18.30878037199696,18.312289402997095,18.317269280997294,18.321046519996656,18.3249763379969,18.329322940996832,18.33267433299656,18.337037605996528,18.34100896299654,18.354839569996244,18.358251790996718,18.365531174996903,18.368760870997022,18.372492352996943,18.376051634996628,18.379470041996996,18.383520926997193,18.387438787997013,18.391017256996946,18.394785593996943,18.398081617997235,18.40152566999663,18.408540485996667,18.412199849997336,18.416979686997905,18.420995095997426,18.425039822997547,18.428411877998286,18.432201609997236,18.435854791997116,18.439664016997,18.44337320499696,18.447180214997758,18.451135994997884,18.45479409899812,18.460234269997756,18.46456896499754,18.467823782997385,18.47168225999738,18.475482687997413,18.478774560998062,18.48302174399842,18.486706708998184,18.489969924997553,18.493564067997482,18.497344163997326,18.50264569899676,18.506535181997236,18.51765954899733,18.522572880997558,18.52643251399789,18.530385514998414,18.534122635998443,18.537962508998675,18.541044242998765,18.54543403799849,18.549019625998625,18.552706538998535,18.559044510998973,18.56334442299905,18.5665321799992,18.571272387998903,18.577064195999043,18.580377325999535,18.583864405999947,18.58793298399999,18.591353351999913,18.595537053000015,18.59955649400044,18.603207282000284,18.607504556000634,18.610859243000192,18.614748639999647,18.6189121529994,18.622142971999352,18.625977393999193,18.629455788,18.633201562000494,18.636743303000543,18.639964536000974,18.64359041300108,18.647683365000802,18.651017131000884,18.655287436001032,18.658911752001558,18.66219876700174,18.66585919700114,18.669566913001546,18.673208832001507,18.676974336001678,18.68063022900222,18.683881834001994,18.687552721001765,
18.69638743500198,18.70034664500227,18.703993826002517,18.708522257002386,18.712128857002284,18.715982542002536,18.724750345003173,18.730987355003577,18.735216822003935,18.738659540003795,18.74210132400347,18.745593141003354,18.74917124200354,18.75362226300328,18.75757460200313,18.7609492360032,18.765054739003318,18.76851728100283,18.772273473003253,18.77563190000322,18.778795558002486,18.783520481003137,18.78707862600325,18.79088408500334,18.79481798000282,18.79834085600268,18.802097716002578,18.805324619002278,18.80896630100196,18.815716212001547,18.81983974700168,18.823685108002252,18.827051932002433,18.832102812002432,18.835406198002346,18.838975247001855,18.842562564002066,18.845809701001684,18.850024902001934,18.853591282001986,18.856994289002245,18.861269932002045,18.864408428002008,18.86789213100198,18.87147587600188,18.87508932300173,18.878389220002106,18.882102999002058,18.886142911002565,18.889341159002726,18.893210057003415,18.902321174003163,18.905425649003035,18.90904561500318,18.91271061200345,18.915940734003613,18.919608028003864,18.923019781004456,18.926651143004534,18.93020928900424,18.934296313004353,18.93741990100372,18.941010001003548,18.95212681800345,18.95660025800342,18.959817836003168,18.963054939002774,18.966616848002644,18.971382933002502,18.9751229970025,18.978424788002286,18.981762039002007,18.988160705003082,18.99160681600293,18.995334580002947,18.998863254003282,19.002397443003105,19.00600921300307,19.009273179002975,19.01261754500254,19.016177599002532,19.01947586900289,19.02284247100252,19.0265303690027,19.029739927003135,19.033559921002933,19.03711873000279,19.040648537002852,19.044214136002523,19.047990424002734,19.051229995002558,19.0544312520025,19.05830030000257,19.061544114002714,19.06494397200325,19.068726366003347,19.07207579000314,19.07587101800337,19.07964424800386,19.08289706000423,
19.08882306600404,19.092180650004565,19.09623183900473,19.10264516700434,19.106309365004194,19.110440144003945,19.114026597004596,19.117683690004156,19.121576664003754,19.125432456003608,19.129280213003796,19.132874514003703,19.13635697900341,19.140062220003216,19.145059545003363,19.148725666003287,19.152356910002965,19.167157336003214,19.173144399002837,19.189682569002713,19.194557683002785,19.1980881460033,19.201298497003762,19.205186860003977,19.20839577300356,19.21167601700293,19.214888776002937,19.218390838002705,19.222270480002436,19.226087222002405,19.23006429800202,19.23410175500257,19.237708989002584,19.241908548002954,19.245245908002715,19.248549011002723,19.25302046600231,19.256955523002688,19.26102514500272,19.265535235002886,19.270082255002563,19.274251404002683,19.277794854002792,19.281373870002568,19.285077955002265,19.289195293001825,19.292991439001327,19.296391629001477,19.30037777500084,19.303694174000867,19.307118505000716,19.31066121700067,19.314338965000474,19.320709757000515,19.324003444000738,19.327562502001086,19.331243202001218,19.335530221000937,19.339346414000914,19.34265680000081,19.3460423350011,19.351423225002037,19.356994081001602,19.360629540001668,19.363775098001128,19.367651802001575,19.371817194001295,19.380561446001167,19.38382163700132,19.38794574800133,19.39185522500142,19.395743029001295,19.40003489200106,19.40485975100009,19.40952548499982,19.413672301999583,19.41802652099952,19.421895092999677,19.42558379899961,19.428839568999507,19.4328445729993,19.436450474999248,19.43976264799923,19.44335348399946,19.4469504489995,19.450538695999825,19.45416780699989,19.45766159700051,19.460986918000373,19.464691552001085,19.468735556001178,19.472285912000046,19.475988828999874,19.47975166099971,19.483641304999054,19.486892430998836,19.49048896499889,19.4941136509988,19.500904604999135,19.506791224999148,
19.511265820999114,19.515114410999246,19.51903793899939,19.522633468998805,19.526734254998843,19.53246413199841,19.535898049998735,19.539583380998664,19.545450017998547,19.54940624199898,19.552997486998578,19.557974756998675,19.562393858998888,19.566241706999023,19.570900985998975,19.579292858999423,19.583298430999292,19.587171306999352,19.59065859199896,19.594568829998735,19.59784254899924,19.601075023998504,19.60480467699827,19.608346659998034,19.614261442998014,19.617896249997983,19.62176510499765,19.626096945997375,19.629901318997355,19.634191663997314,19.639266116997447,19.642540908997802,19.646155630997868,19.650503361998034,19.65384450499775,19.65759025499787,19.660835594997963,19.66409043399787,19.668199733997568,19.67148791499787,19.674757215997175,19.678632242997963,19.6819069979978,19.686091109997818,19.68994039499742,19.693233085997264,19.69709536699756,19.70035862099766,19.70387517599758,19.707708203997214,19.71143367399756,19.715533993997354,19.71891026599795,19.722417949998345,19.726316314998513,19.72959787499846,19.735311320998363,19.739410582999,19.75423928599932,19.760308404999392,19.76379248199933,19.76847358399945,19.771822041999513,19.77524263899963,19.77851930599988,19.78192745399994,19.78561984000035,19.789071552001104,19.793595805001615,19.79739752400198,19.80066736400252,19.804013396002432,19.80740227900256,19.810689842003256,19.81595625100337,19.819215957003024,19.823041848002305,19.82753956700205,19.831451920002138,19.834874028001963,19.839191872002203,19.84247304400256,19.846326611002524,19.850288303002657,19.853470233002298,19.857109370002348,19.860504669002154,19.86424369700225,19.86919501100229,19.874092496002078,19.87752004500183,19.883182788001506,19.886369356001154,19.890054520001087,19.893936499001057,19.89760359500147,19.901126732001813,19.90659644800158,19.910465354001445,19.913681960001583,
19.91894844200104,19.923409203000546,19.931387681000018,19.94239381899999,19.94602105699957,19.949548819999308,19.953350778999408,19.95723319599901,19.960651994998813,19.965328448998406,19.968711584998715,19.972321109998603,19.976749733999355,19.980886163999315,19.9845022439994,19.98832079099944,19.992552580999217,19.996135152999244,19.999845783999007,20.003359560999428,20.00701178499932,20.01215175499945,20.02026398099926,20.025340171999204,20.028954407999635,20.038013778000305,20.041515440000552,20.045761457999873,20.05054174799963,20.057361398999575,20.064101745999636,20.068743673999933,20.071979324000296,20.0753169220001,20.078577129999786,20.082000904999603,20.08531347599964,20.089310708999307,20.093371155999336,20.09752689099915,20.10267976899914,20.106754425999355,20.11126961399978,20.11701821600039,20.120817158000676,20.124386842000234,20.1279851150002,20.132115508000624,20.1368879830014,20.142169904001634,20.145356103001717,20.14935575000132,20.152732288001545,20.156090359001354,20.1600711810012,20.16334356400111,20.167156610000887,20.172951878000475,20.176632044000627,20.17989528500121,20.18550028900134,20.188891520001135,20.192657805000664,20.19617840400028,20.19986010700066,20.20340466500059,20.20663365300007,20.210453417999673,20.214502452000346,20.218321107000207,20.221661305000197,20.225398124000122,20.229065694999946,20.232685389000466,20.243129128999755,20.246804289000494,20.250108697000456,20.25452380600015,20.25780288200022,20.261481466000276,20.26533620400008,20.26934003000062,20.2857030560007,20.290589132000576,20.294369934999935,20.297652033999867,20.303272046999467,20.3066627019995,20.311247822999377,20.315186213999453,20.31970708999998,20.323863934000002,20.32768882600047,20.33165873200025,20.335146626000466,20.338788051000705,20.342557278000953,20.34638987400112,20.349676401001233,20.353254414001213,
20.357554612001053,20.36155015600113,20.3680374270011,20.37150056700179,20.374738423001844,20.38027050800204,20.38364101800201,20.38724494800246,20.390565760002772,20.399526942002666,20.402912582002756,20.406366332003273,20.410261780003367,20.42029194000324,20.424398010003273,20.428362964002446,20.431748652002824,20.436586579002352,20.440099617002915,20.443780301002477,20.44718576600306,20.451303700003365,20.456308371003814,20.46008044000385,20.463647629003646,20.468604655004214,20.47261591800404,20.476224621004093,20.480507878003067,20.48395234800327,20.48771035400287,20.491812309002654,20.495410992002718,20.49867086000208,20.502557287002134,20.505788024002385,20.509038210002615,20.512990883002573,20.516256059002927,20.520447228003235,20.52560886500268,20.5311624670027,20.534795102002732,20.538262900002422,20.541775749001857,20.545601676001553,20.548924924001454,20.55241832700122,20.55584697900096,20.559273446000788,20.562937895000772,20.56604937700112,20.570078346000997,20.57379642400113,20.577080225001197,20.580973492000368,20.584142798000045,20.58866180400011,20.59228151100021,20.597788468999823,20.6020491569993,20.605944185999334,20.609294670999617,20.613100554998795,20.616353338999005,20.620030237998407,20.6240592279984,20.62731942899879,20.631506749998977,20.63488087299882,20.638623174998685,20.64228160299902,20.646030281999145,20.64972585299924,20.653184283999877,20.657225049999937,20.660412388999674,20.665438699998873,20.669398847998963,20.672987490999475,20.67642226799981,20.681108300999796,20.684401154999733,20.68807408300009,20.692754609999866,20.69595391099986,20.69988369699965,20.70315272700006,20.70680638399986,20.71042717300034,20.71402037400034,20.717436746000004,20.722170266000177,20.725557320000206,20.72948624200066,20.733507870000125,20.7372454260005,20.741148273000675,20.744901362000604,20.74914955100084,
20.76039620700064,20.763803782000508,20.767752453000213,20.771592405000234,20.77717419300066,20.780616198001184,20.784378449001082,20.78859154600073,20.79241342600116,20.795752114000635,20.799201079000596,20.80317979000054,20.80635230300024,20.80997177999987,20.81323567699988,20.818092544000336,20.821358325000205,20.824961258000172,20.829170956000524,20.833040142001067,20.836432979000477,20.840354770001255,20.84357529200119,20.847183847000707,20.85056527200166,20.85385841700193,20.857482489002138,20.860847454002254,20.865053858002256,20.868816602002454,20.87268334200232,20.875946332001803,20.879615460002213,20.883069326002072,20.887033330002424,20.890589492002476,20.894767404002693,20.89829127200332,20.901700241003397,20.905807318003696,20.90912319300375,20.913069010004307,20.91702489700421,20.92076410400412,20.92407406900449,20.928321989004388,20.931503869004217,20.935211620004253,20.938971960003954,20.942316795004018,20.946582790003646,20.95000605600339,20.953807625003634,20.95780801000373,20.96140393200389,20.96492049000446,20.969610427004483,20.972986082004894,20.976551362005097,20.98114784600503,20.985089719005515,20.988287504005797,20.994909957005433,20.998191590005916,21.00324440200606,21.006513387006038,21.010407525006286,21.0140636170066,21.01800424400645,21.02225422400639,21.025516482006168,21.029301795005523,21.04328738500581,21.050667284005982,21.054257824005475,21.061260119005254,21.065580798005584,21.069065972005802,21.073270903005692,21.077321089006062,21.08121754700622,21.08491155400631,21.0890830790066,21.092288808006998,21.095978284006577,21.099809053006908,21.103946449006656,21.10925917900701,21.11293791600704,21.122654885006767,21.126474020007066,21.13039489200716,21.133835058006838,21.138112425006653,21.141418139006618,21.145128620006034,21.149663928006447,21.153364625006446,21.15670182600647,21.16066603700645,
21.1673760750065,21.170719097006014,21.174882176006093,21.18042239400566,21.184080174005402,21.18806871700545,21.192252553005204,21.196084960004924,21.19940635600446,21.20416886600455,21.207604813004167,21.21139488400385,21.215445726003537,21.21931433300344,21.22292971000357,21.22701953300364,21.230392528004387,21.234351239005008,21.238451415004334,21.2421616060046,21.245754056004415,21.250030881004392,21.25365415900407,21.257295324004218,21.261626753004435,21.26537180900405,21.27127806400452,21.275727454004283,21.27928924400433,21.282928148004004,21.286254470004536,21.29067231700472,21.294604219004754,21.298490895004107,21.30336761300495,21.306735504005047,21.310740528005198,21.314055298005627,21.31781628500559,21.322744732005873,21.32611110100575,21.329784491006677,21.333789827006655,21.337321213006504,21.340578624006554,21.345671003006515,21.349043341006535,21.352832543006713,21.356251705006827,21.36005633200685,21.363444096006532,21.36764866800692,21.370794955006858,21.374476029006615,21.378049244005666,21.381789574005467,21.38503903000506,21.3892051710055,21.392845055005097,21.396254367005582,21.400549788006145,21.403824056006982,21.40707297300699,21.411255946006946,21.414543567007257,21.418033229007023,21.421859966007077,21.42532352800643,21.429228273006373,21.432429198006474,21.43822593100586,21.441572082006104,21.445576678006177,21.449019784006822,21.45345268800665,21.45666682600651,21.46024104100647,21.46514464100605,21.469196387006292,21.473318610006487,21.478216911006285,21.482037160006,21.48599795700639,21.48969402300682,21.49299898700727,21.498346136006916,21.501999173007647,21.505430190008354,21.509195704008306,21.51308906100857,21.51678074600821,21.521583175007976,21.52552869200761,21.540544749007637,21.544736884007904,21.549863610007634,21.55407453200783,21.55757299800794,21.560859868007952,21.564183108007484,
21.568673248007286,21.57223036900737,21.57568027000744,21.579767845007467,21.583428625007542,21.586983422007762,21.59201987200774,21.595396737008144,21.599682942008172,21.60300688200809,21.60674780800818,21.61026206000841,21.613904365008494,21.622785814008665,21.62651157100848,21.630257694008577,21.635409154008784,21.63895355800898,21.64296056600918,21.646445486009185,21.650164680009226,21.65380978300854,21.658306405008517,21.66172544300801,21.665629741007336,21.66889737400666,21.672647674006924,21.676050798007026,21.679818723007003,21.683137469007846,21.687008331008172,21.69070082500795,21.694321591007593,21.699277355007865,21.703118101007732,21.706734260007266,21.710368140007148,21.71371444700665,21.71719531300633,21.720843527006735,21.724093371006433,21.727897754006477,21.732475774006474,21.738082488006654,21.743706466006273,21.749378312006144,21.754259839005357,21.758997893004988,21.762324657004996,21.767016746004828,21.770667926005302,21.775306366005594,21.77956892800566,21.787148883005926,21.793266558006536,21.79668895900639,21.801971584006907,21.81063972900668,21.819312057006726,21.824086458006633,21.830894425006562,21.842245159006694,21.84851114300662,21.855596385006976,21.86046861100644,21.86494488200637,21.868411351006642,21.87328947600676,21.87766488500668,21.881095132005925,21.885853760005574,21.889393720005472,21.893074179005197,21.897383833004966,21.901546442005014,21.907086210005588,21.913643600005372,21.91728291700511,21.921164317005292,21.92461890500553,21.928285905005822,21.934167482005563,21.938378602005315,21.942509437005327,21.945866753005674,21.949456575005257,21.95292468700515,21.956387809005406,21.960368635005665,21.963686914005308,21.96750241000555,21.971899531005903,21.97637868700619,21.981564031006798,21.984995565007154,21.989315553006833,21.99334399500694,21.99930745400698,22.0115298860064,22.027059566006102,
22.034115176005997,22.040578009005486,22.048395637005655,22.05270836200478,22.056407459004703,22.06018909100456,22.06393266000444,22.067226856004623,22.070664876004656,22.074120579005097,22.077973229004982,22.08407217300541,22.089966963005935,22.0936055010055,22.097126134005265,22.10088382600574,22.106234923005417,22.113311362005362,22.129120524004776,22.132513365004883,22.143346144004767,22.14677258500481,22.151165179004607,22.155472682004728,22.158870292005048,22.16216404400538,22.165442549005235,22.169167371004704,22.173187225005137,22.181554952005825,22.187576245006056,22.194962821005646,22.199691396005534,22.203315466005648,22.210987346005282,22.214961485005773,22.21845348300539,22.224473930005303,22.22969963300548,22.233186767005606,22.23865221900573,22.244910333005834,22.2482503090055,22.25304616800551,22.25849883900534,22.26490398000587,22.26883456900609,22.274814486006647,22.28017597400688,22.283483184007054,22.28704562900745,22.294052807007887,22.29769265700807,22.301593343008705,22.30906213100937,22.314984384009193,22.320462354009152,22.325238156009533,22.33173960300931,22.335290868009253,22.338867176009188,22.3424614790093,22.346257697009634,22.34947096200918,22.352578004008905,22.355771707008415,22.359263042008735,22.364418115008135,22.369493598007892,22.374595717008134,22.37789474200835,22.382335078008083,22.387971876008606,22.3927915940084,22.396019096008132,22.400683586007602,22.40592526800762,22.40922231400745,22.414146655007897,22.41824483000883,22.422206035008884,22.426244736008897,22.429596346008424,22.433211195008568,22.437014086008645,22.440342892008317,22.44536143700836,22.44877282900896,22.452327574009104,22.459063253008566,22.462471541008398,22.467251060007953,22.47056363600788,22.4745416760081,22.478101870008203,22.48198877000837,22.485960509007924,22.490320120008363,22.493912609008106,22.497532858007816,
22.50305661500815,22.506335370008486,22.51052477300877,22.51443221600877,22.51789549500873,22.522760986008763,22.526097006009394,22.52990412000881,22.533907054008893,22.537716464008753,22.543399698008642,22.547801211008476,22.551209675008778,22.554714102008205,22.565077903008415,22.569501668008428,22.5740949100082,22.578127999008103,22.582348034007936,22.585732279008454,22.589738364008525,22.594755563008363,22.598385310008467,22.60278458400805,22.605975797007858,22.60992032600805,22.613272081008148,22.616919246008337,22.62043421300828,22.62415613800809,22.627386666007766,22.63125945400762,22.634463382008136,22.638150794008283,22.642035019007636,22.645416878007296,22.649874505007773,22.653335731008013,22.657354837007944,22.665443910008463,22.673806840009007,22.67715324000912,22.680451205008723,22.68529993700841,22.688548339008747,22.691726642009115,22.695014281008724,22.698241179008704,22.701501242009243,22.70487056600959,22.711692803009242,22.71638868200867,22.72104047300897,22.725315636009014,22.72955952500908,22.733641547009398,22.737299080009024,22.74137201100902,22.751163503008144,22.755974239008793,22.75941442000905,22.763157167009325,22.766461334009676,22.770155119009786,22.774233267009635,22.777505868009285,22.78142821300864,22.785009533008548,22.788784635009137,22.792199229009356,22.796555871008792,22.799907115009006,22.803619119008516,22.807100546008797,22.81091292100902,22.814249124008853,22.819269868008774,22.823052106009214,22.826723909009473,22.83048824200975,22.83386682101056,22.839296080010428,22.842854620010456,22.846839982010835,22.850790024010877,22.85459727601082,22.859463588010527,22.872049127010627,22.882239140010682,22.89223095201018,22.89697843401055,22.902876765010518,22.9121895280106,22.91810273501082,22.92340292301148,22.927030429011182,22.930306556011345,22.936966906011577,22.941804898011327,22.945407331011012,
